unit_id,time_counter,longitude,latitude,altitude
1,0,121.51033782958984,25.046144485473633,100.0
17,0,121.5136947631836,25.04018783569336,29.45697784423828
2,0,121.510986328125,25.04594612121582,110.0
18,0,121.51351165771484,25.04018783569336,29.679698944091797
3,0,121.51021575927734,25.0455265045166,120.0
19,0,121.51351165771484,25.040000915527344,29.689321517944336
4,0,121.51084899902344,25.045455932617188,128.0
5,0,121.5097427368164,25.045955657958984,29.484235763549805
21,0,121.5136947631836,25.04027557373047,29.456974029541016
6,0,121.50993347167969,25.0459041595459,29.484546661376953
7,0,121.50996398925781,25.045961380004883,29.56939125061035
23,0,121.51378631591797,25.040557861328125,29.451358795166016
8,0,121.51023864746094,25.045930862426758,29.718042373657227
9,0,121.51083374023438,25.04647445678711,29.487154006958008
10,0,121.51077270507812,25.046342849731445,29.487728118896484
11,0,121.5107421875,25.04621696472168,29.48710060119629
12,0,121.51070404052734,25.046072006225586,29.4864501953125
13,0,121.51107788085938,25.04642105102539,29.487207412719727
14,0,121.51123809814453,25.046384811401367,29.487775802612305
15,0,121.51136016845703,25.046367645263672,29.48834228515625
16,0,121.51148986816406,25.046340942382812,29.488874435424805
1,1,121.51033782958984,25.046144485473633,100.0
17,1,121.5136947631836,25.04018783569336,29.45697784423828
2,1,121.510986328125,25.04594612121582,110.0
18,1,121.51351165771484,25.04018783569336,29.679698944091797
3,1,121.51021575927734,25.0455265045166,120.0
19,1,121.51351165771484,25.040000915527344,29.689321517944336
4,1,121.51084899902344,25.045455932617188,128.0
5,1,121.5097427368164,25.045955657958984,29.484235763549805
21,1,121.5136947631836,25.04027557373047,29.456974029541016
6,1,121.50993347167969,25.0459041595459,29.484546661376953
7,1,121.50996398925781,25.045961380004883,29.56939125061035
23,1,121.51378631591797,25.040557861328125,29.451358795166016
8,1,121.51023864746094,25.045930862426758,29.718042373657227
9,1,121.51083374023438,25.04647445678711,29.487154006958008
10,1,121.51077270507812,25.046342849731445,29.487728118896484
11,1,121.5107421875,25.04621696472168,29.48710060119629
12,1,121.51070404052734,25.046072006225586,29.4864501953125
13,1,121.51107788085938,25.04642105102539,29.487207412719727
14,1,121.51123809814453,25.046384811401367,29.487775802612305
15,1,121.51136016845703,25.046367645263672,29.48834228515625
16,1,121.51148986816406,25.046340942382812,29.488874435424805
1,2,121.51033782958984,25.046144485473633,100.0
17,2,121.5136947631836,25.04018783569336,29.45697784423828
2,2,121.510986328125,25.04594612121582,110.0
18,2,121.51351165771484,25.04018783569336,29.679698944091797
3,2,121.51021575927734,25.0455265045166,120.0
19,2,121.51351165771484,25.040000915527344,29.689321517944336
4,2,121.51084899902344,25.045455932617188,128.0
5,2,121.5097427368164,25.045955657958984,29.484235763549805
21,2,121.5136947631836,25.04027557373047,29.456974029541016
6,2,121.50993347167969,25.0459041595459,29.484546661376953
7,2,121.50996398925781,25.045961380004883,29.56939125061035
23,2,121.51378631591797,25.040557861328125,29.451358795166016
8,2,121.51023864746094,25.045930862426758,29.718042373657227
9,2,121.51083374023438,25.04647445678711,29.487154006958008
10,2,121.51077270507812,25.046342849731445,29.487728118896484
11,2,121.5107421875,25.04621696472168,29.48710060119629
12,2,121.51070404052734,25.046072006225586,29.4864501953125
13,2,121.51107788085938,25.04642105102539,29.487207412719727
14,2,121.51123809814453,25.046384811401367,29.487775802612305
15,2,121.51136016845703,25.046367645263672,29.48834228515625
16,2,121.51148986816406,25.046340942382812,29.488874435424805
1,3,121.51033782958984,25.046144485473633,100.0
17,3,121.5136947631836,25.04018783569336,29.45697784423828
2,3,121.510986328125,25.04594612121582,110.0
18,3,121.51351165771484,25.04018783569336,29.679698944091797
3,3,121.51021575927734,25.0455265045166,120.0
19,3,121.51351165771484,25.040000915527344,29.689321517944336
4,3,121.51084899902344,25.045455932617188,128.0
5,3,121.5097427368164,25.045955657958984,29.484235763549805
21,3,121.5136947631836,25.04027557373047,29.456974029541016
6,3,121.50993347167969,25.0459041595459,29.484546661376953
7,3,121.50996398925781,25.045961380004883,29.56939125061035
23,3,121.51378631591797,25.040557861328125,29.451358795166016
8,3,121.51023864746094,25.045930862426758,29.718042373657227
9,3,121.51083374023438,25.04647445678711,29.487154006958008
10,3,121.51077270507812,25.046342849731445,29.487728118896484
11,3,121.5107421875,25.04621696472168,29.48710060119629
12,3,121.51070404052734,25.046072006225586,29.4864501953125
13,3,121.51107788085938,25.04642105102539,29.487207412719727
14,3,121.51123809814453,25.046384811401367,29.487775802612305
15,3,121.51136016845703,25.046367645263672,29.48834228515625
16,3,121.51148986816406,25.046340942382812,29.488874435424805
1,4,121.51033782958984,25.046144485473633,100.0
17,4,121.5136947631836,25.04018783569336,29.45697784423828
2,4,121.510986328125,25.04594612121582,110.0
18,4,121.51351165771484,25.04018783569336,29.679698944091797
3,4,121.51021575927734,25.0455265045166,120.0
19,4,121.51351165771484,25.040000915527344,29.689321517944336
4,4,121.51084899902344,25.045455932617188,128.0
5,4,121.5097427368164,25.045955657958984,29.484235763549805
21,4,121.5136947631836,25.04027557373047,29.456974029541016
6,4,121.50993347167969,25.0459041595459,29.484546661376953
7,4,121.50996398925781,25.045961380004883,29.56939125061035
23,4,121.51378631591797,25.040557861328125,29.451358795166016
8,4,121.51023864746094,25.045930862426758,29.718042373657227
9,4,121.51083374023438,25.04647445678711,29.487154006958008
10,4,121.51077270507812,25.046342849731445,29.487728118896484
11,4,121.5107421875,25.04621696472168,29.48710060119629
12,4,121.51070404052734,25.046072006225586,29.4864501953125
13,4,121.51107788085938,25.04642105102539,29.487207412719727
14,4,121.51123809814453,25.046384811401367,29.487775802612305
15,4,121.51136016845703,25.046367645263672,29.48834228515625
16,4,121.51148986816406,25.046340942382812,29.488874435424805
1,5,121.51033782958984,25.046144485473633,100.0
17,5,121.5136947631836,25.04018783569336,29.45697784423828
2,5,121.510986328125,25.04594612121582,110.0
18,5,121.51351165771484,25.04018783569336,29.679698944091797
3,5,121.51021575927734,25.0455265045166,120.0
19,5,121.51351165771484,25.040000915527344,29.689321517944336
4,5,121.51084899902344,25.045455932617188,128.0
5,5,121.5097427368164,25.045955657958984,29.484235763549805
21,5,121.5136947631836,25.04027557373047,29.456974029541016
6,5,121.50993347167969,25.0459041595459,29.484546661376953
7,5,121.50996398925781,25.045961380004883,29.56939125061035
23,5,121.51378631591797,25.040557861328125,29.451358795166016
8,5,121.51023864746094,25.045930862426758,29.718042373657227
9,5,121.51083374023438,25.04647445678711,29.487154006958008
10,5,121.51077270507812,25.046342849731445,29.487728118896484
11,5,121.5107421875,25.04621696472168,29.48710060119629
12,5,121.51070404052734,25.046072006225586,29.4864501953125
13,5,121.51107788085938,25.04642105102539,29.487207412719727
14,5,121.51123809814453,25.046384811401367,29.487775802612305
15,5,121.51136016845703,25.046367645263672,29.48834228515625
16,5,121.51148986816406,25.046340942382812,29.488874435424805
1,6,121.51033782958984,25.046144485473633,100.0
17,6,121.5136947631836,25.04018783569336,29.45697784423828
2,6,121.510986328125,25.04594612121582,110.0
18,6,121.51351165771484,25.04018783569336,29.679698944091797
3,6,121.51021575927734,25.0455265045166,120.0
19,6,121.51351165771484,25.040000915527344,29.689321517944336
4,6,121.51084899902344,25.045455932617188,128.0
5,6,121.5097427368164,25.045955657958984,29.484235763549805
21,6,121.5136947631836,25.04027557373047,29.456974029541016
6,6,121.50993347167969,25.0459041595459,29.484546661376953
7,6,121.50996398925781,25.045961380004883,29.56939125061035
23,6,121.51378631591797,25.040557861328125,29.451358795166016
8,6,121.51023864746094,25.045930862426758,29.718042373657227
9,6,121.51083374023438,25.04647445678711,29.487154006958008
10,6,121.51077270507812,25.046342849731445,29.487728118896484
11,6,121.5107421875,25.04621696472168,29.48710060119629
12,6,121.51070404052734,25.046072006225586,29.4864501953125
13,6,121.51107788085938,25.04642105102539,29.487207412719727
14,6,121.51123809814453,25.046384811401367,29.487775802612305
15,6,121.51136016845703,25.046367645263672,29.48834228515625
16,6,121.51148986816406,25.046340942382812,29.488874435424805
1,7,121.51033782958984,25.046144485473633,100.0
17,7,121.5136947631836,25.04018783569336,29.45697784423828
2,7,121.510986328125,25.04594612121582,110.0
18,7,121.51351165771484,25.04018783569336,29.679698944091797
3,7,121.51021575927734,25.0455265045166,120.0
19,7,121.51351165771484,25.040000915527344,29.689321517944336
4,7,121.51084899902344,25.045455932617188,128.0
5,7,121.5097427368164,25.045955657958984,29.484235763549805
21,7,121.5136947631836,25.04027557373047,29.456974029541016
6,7,121.50993347167969,25.0459041595459,29.484546661376953
7,7,121.50996398925781,25.045961380004883,29.56939125061035
23,7,121.51378631591797,25.040557861328125,29.451358795166016
8,7,121.51023864746094,25.045930862426758,29.718042373657227
9,7,121.51083374023438,25.04647445678711,29.487154006958008
10,7,121.51077270507812,25.046342849731445,29.487728118896484
11,7,121.5107421875,25.04621696472168,29.48710060119629
12,7,121.51070404052734,25.046072006225586,29.4864501953125
13,7,121.51107788085938,25.04642105102539,29.487207412719727
14,7,121.51123809814453,25.046384811401367,29.487775802612305
15,7,121.51136016845703,25.046367645263672,29.48834228515625
16,7,121.51148986816406,25.046340942382812,29.488874435424805
1,8,121.51033782958984,25.046144485473633,100.0
17,8,121.5136947631836,25.04018783569336,29.45697784423828
2,8,121.510986328125,25.04594612121582,110.0
18,8,121.51351165771484,25.04018783569336,29.679698944091797
3,8,121.51021575927734,25.0455265045166,120.0
19,8,121.51351165771484,25.040000915527344,29.689321517944336
4,8,121.51084899902344,25.045455932617188,128.0
5,8,121.5097427368164,25.045955657958984,29.484235763549805
21,8,121.5136947631836,25.04027557373047,29.456974029541016
6,8,121.50993347167969,25.0459041595459,29.484546661376953
7,8,121.50996398925781,25.045961380004883,29.56939125061035
23,8,121.51378631591797,25.040557861328125,29.451358795166016
8,8,121.51023864746094,25.045930862426758,29.718042373657227
9,8,121.51083374023438,25.04647445678711,29.487154006958008
10,8,121.51077270507812,25.046342849731445,29.487728118896484
11,8,121.5107421875,25.04621696472168,29.48710060119629
12,8,121.51070404052734,25.046072006225586,29.4864501953125
13,8,121.51107788085938,25.04642105102539,29.487207412719727
14,8,121.51123809814453,25.046384811401367,29.487775802612305
15,8,121.51136016845703,25.046367645263672,29.48834228515625
16,8,121.51148986816406,25.046340942382812,29.488874435424805
1,9,121.51033782958984,25.046144485473633,100.0
17,9,121.5136947631836,25.04018783569336,29.45697784423828
2,9,121.510986328125,25.04594612121582,110.0
18,9,121.51351165771484,25.04018783569336,29.679698944091797
3,9,121.51021575927734,25.0455265045166,120.0
19,9,121.51351165771484,25.040000915527344,29.689321517944336
4,9,121.51084899902344,25.045455932617188,128.0
5,9,121.5097427368164,25.045955657958984,29.484235763549805
21,9,121.5136947631836,25.04027557373047,29.456974029541016
6,9,121.50993347167969,25.0459041595459,29.484546661376953
7,9,121.50996398925781,25.045961380004883,29.56939125061035
23,9,121.51378631591797,25.040557861328125,29.451358795166016
8,9,121.51023864746094,25.045930862426758,29.718042373657227
9,9,121.51083374023438,25.04647445678711,29.487154006958008
10,9,121.51077270507812,25.046342849731445,29.487728118896484
11,9,121.5107421875,25.04621696472168,29.48710060119629
12,9,121.51070404052734,25.046072006225586,29.4864501953125
13,9,121.51107788085938,25.04642105102539,29.487207412719727
14,9,121.51123809814453,25.046384811401367,29.487775802612305
15,9,121.51136016845703,25.046367645263672,29.48834228515625
16,9,121.51148986816406,25.046340942382812,29.488874435424805
1,10,121.51033782958984,25.046144485473633,100.0
17,10,121.5136947631836,25.04018783569336,29.45697784423828
2,10,121.510986328125,25.04594612121582,110.0
18,10,121.51351165771484,25.04018783569336,29.679698944091797
3,10,121.51021575927734,25.0455265045166,120.0
19,10,121.51351165771484,25.040000915527344,29.689321517944336
4,10,121.51084899902344,25.045455932617188,128.0
5,10,121.5097427368164,25.045955657958984,29.484235763549805
21,10,121.5136947631836,25.04027557373047,29.456974029541016
6,10,121.50993347167969,25.0459041595459,29.484546661376953
7,10,121.50996398925781,25.045961380004883,29.56939125061035
23,10,121.51378631591797,25.040557861328125,29.451358795166016
8,10,121.51023864746094,25.045930862426758,29.718042373657227
9,10,121.51083374023438,25.04647445678711,29.487154006958008
10,10,121.51077270507812,25.046342849731445,29.487728118896484
11,10,121.5107421875,25.04621696472168,29.48710060119629
12,10,121.51070404052734,25.046072006225586,29.4864501953125
13,10,121.51107788085938,25.04642105102539,29.487207412719727
14,10,121.51123809814453,25.046384811401367,29.487775802612305
15,10,121.51136016845703,25.046367645263672,29.48834228515625
16,10,121.51148986816406,25.046340942382812,29.488874435424805
1,11,121.51033782958984,25.046144485473633,100.0
17,11,121.5136947631836,25.04018783569336,29.45697784423828
2,11,121.510986328125,25.04594612121582,110.0
18,11,121.51351165771484,25.04018783569336,29.679698944091797
3,11,121.51021575927734,25.0455265045166,120.0
19,11,121.51351165771484,25.040000915527344,29.689321517944336
4,11,121.51084899902344,25.045455932617188,128.0
5,11,121.5097427368164,25.045955657958984,29.484235763549805
21,11,121.5136947631836,25.04027557373047,29.456974029541016
6,11,121.50993347167969,25.0459041595459,29.484546661376953
7,11,121.50996398925781,25.045961380004883,29.56939125061035
23,11,121.51378631591797,25.040557861328125,29.451358795166016
8,11,121.51023864746094,25.045930862426758,29.718042373657227
9,11,121.51083374023438,25.04647445678711,29.487154006958008
10,11,121.51077270507812,25.046342849731445,29.487728118896484
11,11,121.5107421875,25.04621696472168,29.48710060119629
12,11,121.51070404052734,25.046072006225586,29.4864501953125
13,11,121.51107788085938,25.04642105102539,29.487207412719727
14,11,121.51123809814453,25.046384811401367,29.487775802612305
15,11,121.51136016845703,25.046367645263672,29.48834228515625
16,11,121.51148986816406,25.046340942382812,29.488874435424805
1,12,121.51033782958984,25.046144485473633,100.0
17,12,121.5136947631836,25.04018783569336,29.45697784423828
2,12,121.510986328125,25.04594612121582,110.0
18,12,121.51351165771484,25.04018783569336,29.679698944091797
3,12,121.51021575927734,25.0455265045166,120.0
19,12,121.51351165771484,25.040000915527344,29.689321517944336
4,12,121.51084899902344,25.045455932617188,128.0
5,12,121.5097427368164,25.045955657958984,29.484235763549805
21,12,121.5136947631836,25.04027557373047,29.456974029541016
6,12,121.50993347167969,25.0459041595459,29.484546661376953
7,12,121.50996398925781,25.045961380004883,29.56939125061035
23,12,121.51378631591797,25.040557861328125,29.451358795166016
8,12,121.51023864746094,25.045930862426758,29.718042373657227
9,12,121.51083374023438,25.04647445678711,29.487154006958008
10,12,121.51077270507812,25.046342849731445,29.487728118896484
11,12,121.5107421875,25.04621696472168,29.48710060119629
12,12,121.51070404052734,25.046072006225586,29.4864501953125
13,12,121.51107788085938,25.04642105102539,29.487207412719727
14,12,121.51123809814453,25.046384811401367,29.487775802612305
15,12,121.51136016845703,25.046367645263672,29.48834228515625
16,12,121.51148986816406,25.046340942382812,29.488874435424805
1,13,121.51033782958984,25.046144485473633,100.0
17,13,121.5136947631836,25.04018783569336,29.45697784423828
2,13,121.510986328125,25.04594612121582,110.0
18,13,121.51351165771484,25.04018783569336,29.679698944091797
3,13,121.51021575927734,25.0455265045166,120.0
19,13,121.51351165771484,25.040000915527344,29.689321517944336
4,13,121.51084899902344,25.045455932617188,128.0
5,13,121.5097427368164,25.045955657958984,29.484235763549805
21,13,121.5136947631836,25.04027557373047,29.456974029541016
6,13,121.50993347167969,25.0459041595459,29.484546661376953
7,13,121.50996398925781,25.045961380004883,29.56939125061035
23,13,121.51378631591797,25.040557861328125,29.451358795166016
8,13,121.51023864746094,25.045930862426758,29.718042373657227
9,13,121.51083374023438,25.04647445678711,29.487154006958008
10,13,121.51077270507812,25.046342849731445,29.487728118896484
11,13,121.5107421875,25.04621696472168,29.48710060119629
12,13,121.51070404052734,25.046072006225586,29.4864501953125
13,13,121.51107788085938,25.04642105102539,29.487207412719727
14,13,121.51123809814453,25.046384811401367,29.487775802612305
15,13,121.51136016845703,25.046367645263672,29.48834228515625
16,13,121.51148986816406,25.046340942382812,29.488874435424805
1,14,121.51033782958984,25.046144485473633,100.0
17,14,121.5136947631836,25.04018783569336,29.45697784423828
2,14,121.510986328125,25.04594612121582,110.0
18,14,121.51351165771484,25.04018783569336,29.679698944091797
3,14,121.51021575927734,25.0455265045166,120.0
19,14,121.51351165771484,25.040000915527344,29.689321517944336
4,14,121.51084899902344,25.045455932617188,128.0
5,14,121.5097427368164,25.045955657958984,29.484235763549805
21,14,121.5136947631836,25.04027557373047,29.456974029541016
6,14,121.50993347167969,25.0459041595459,29.484546661376953
7,14,121.50996398925781,25.045961380004883,29.56939125061035
23,14,121.51378631591797,25.040557861328125,29.451358795166016
8,14,121.51023864746094,25.045930862426758,29.718042373657227
9,14,121.51083374023438,25.04647445678711,29.487154006958008
10,14,121.51077270507812,25.046342849731445,29.487728118896484
11,14,121.5107421875,25.04621696472168,29.48710060119629
12,14,121.51070404052734,25.046072006225586,29.4864501953125
13,14,121.51107788085938,25.04642105102539,29.487207412719727
14,14,121.51123809814453,25.046384811401367,29.487775802612305
15,14,121.51136016845703,25.046367645263672,29.48834228515625
16,14,121.51148986816406,25.046340942382812,29.488874435424805
1,15,121.51033782958984,25.046144485473633,100.0
17,15,121.5136947631836,25.04018783569336,29.45697784423828
2,15,121.510986328125,25.04594612121582,110.0
18,15,121.51351165771484,25.04018783569336,29.679698944091797
3,15,121.51021575927734,25.0455265045166,120.0
19,15,121.51351165771484,25.040000915527344,29.689321517944336
4,15,121.51084899902344,25.045455932617188,128.0
5,15,121.5097427368164,25.045955657958984,29.484235763549805
21,15,121.5136947631836,25.04027557373047,29.456974029541016
6,15,121.50993347167969,25.0459041595459,29.484546661376953
7,15,121.50996398925781,25.045961380004883,29.56939125061035
23,15,121.51378631591797,25.040557861328125,29.451358795166016
8,15,121.51023864746094,25.045930862426758,29.718042373657227
9,15,121.51083374023438,25.04647445678711,29.487154006958008
10,15,121.51077270507812,25.046342849731445,29.487728118896484
11,15,121.5107421875,25.04621696472168,29.48710060119629
12,15,121.51070404052734,25.046072006225586,29.4864501953125
13,15,121.51107788085938,25.04642105102539,29.487207412719727
14,15,121.51123809814453,25.046384811401367,29.487775802612305
15,15,121.51136016845703,25.046367645263672,29.48834228515625
16,15,121.51148986816406,25.046340942382812,29.488874435424805
1,16,121.51033782958984,25.046144485473633,100.0
17,16,121.5136947631836,25.04018783569336,29.45697784423828
2,16,121.510986328125,25.04594612121582,110.0
18,16,121.51351165771484,25.04018783569336,29.679698944091797
3,16,121.51021575927734,25.0455265045166,120.0
19,16,121.51351165771484,25.040000915527344,29.689321517944336
4,16,121.51084899902344,25.045455932617188,128.0
5,16,121.5097427368164,25.045955657958984,29.484235763549805
21,16,121.5136947631836,25.04027557373047,29.456974029541016
6,16,121.50993347167969,25.0459041595459,29.484546661376953
7,16,121.50996398925781,25.045961380004883,29.56939125061035
23,16,121.51378631591797,25.040557861328125,29.451358795166016
8,16,121.51023864746094,25.045930862426758,29.718042373657227
9,16,121.51083374023438,25.04647445678711,29.487154006958008
10,16,121.51077270507812,25.046342849731445,29.487728118896484
11,16,121.5107421875,25.04621696472168,29.48710060119629
12,16,121.51070404052734,25.046072006225586,29.4864501953125
13,16,121.51107788085938,25.04642105102539,29.487207412719727
14,16,121.51123809814453,25.046384811401367,29.487775802612305
15,16,121.51136016845703,25.046367645263672,29.48834228515625
16,16,121.51148986816406,25.046340942382812,29.488874435424805
1,17,121.51033782958984,25.046144485473633,100.0
17,17,121.5136947631836,25.04018783569336,29.45697784423828
2,17,121.510986328125,25.04594612121582,110.0
18,17,121.51351165771484,25.04018783569336,29.679698944091797
3,17,121.51021575927734,25.0455265045166,120.0
19,17,121.51351165771484,25.040000915527344,29.689321517944336
4,17,121.51084899902344,25.045455932617188,128.0
5,17,121.5097427368164,25.045955657958984,29.484235763549805
21,17,121.5136947631836,25.04027557373047,29.456974029541016
6,17,121.50993347167969,25.0459041595459,29.484546661376953
7,17,121.50996398925781,25.045961380004883,29.56939125061035
23,17,121.51378631591797,25.040557861328125,29.451358795166016
8,17,121.51023864746094,25.045930862426758,29.718042373657227
9,17,121.51083374023438,25.04647445678711,29.487154006958008
10,17,121.51077270507812,25.046342849731445,29.487728118896484
11,17,121.5107421875,25.04621696472168,29.48710060119629
12,17,121.51070404052734,25.046072006225586,29.4864501953125
13,17,121.51107788085938,25.04642105102539,29.487207412719727
14,17,121.51123809814453,25.046384811401367,29.487775802612305
15,17,121.51136016845703,25.046367645263672,29.48834228515625
16,17,121.51148986816406,25.046340942382812,29.488874435424805
1,18,121.51033782958984,25.046144485473633,100.0
17,18,121.5136947631836,25.04018783569336,29.45697784423828
2,18,121.510986328125,25.04594612121582,110.0
18,18,121.51351165771484,25.04018783569336,29.679698944091797
3,18,121.51021575927734,25.0455265045166,120.0
19,18,121.51351165771484,25.040000915527344,29.689321517944336
4,18,121.51084899902344,25.045455932617188,128.0
5,18,121.5097427368164,25.045955657958984,29.484235763549805
21,18,121.5136947631836,25.04027557373047,29.456974029541016
6,18,121.50993347167969,25.0459041595459,29.484546661376953
7,18,121.50996398925781,25.045961380004883,29.56939125061035
23,18,121.51378631591797,25.040557861328125,29.451358795166016
8,18,121.51023864746094,25.045930862426758,29.718042373657227
9,18,121.51083374023438,25.04647445678711,29.487154006958008
10,18,121.51077270507812,25.046342849731445,29.487728118896484
11,18,121.5107421875,25.04621696472168,29.48710060119629
12,18,121.51070404052734,25.046072006225586,29.4864501953125
13,18,121.51107788085938,25.04642105102539,29.487207412719727
14,18,121.51123809814453,25.046384811401367,29.487775802612305
15,18,121.51136016845703,25.046367645263672,29.48834228515625
16,18,121.51148986816406,25.046340942382812,29.488874435424805
1,19,121.51033782958984,25.046144485473633,100.0
17,19,121.5136947631836,25.04018783569336,29.45697784423828
2,19,121.510986328125,25.04594612121582,110.0
18,19,121.51351165771484,25.04018783569336,29.679698944091797
3,19,121.51021575927734,25.0455265045166,120.0
19,19,121.51351165771484,25.040000915527344,29.689321517944336
4,19,121.51084899902344,25.045455932617188,128.0
5,19,121.5097427368164,25.045955657958984,29.484235763549805
21,19,121.5136947631836,25.04027557373047,29.456974029541016
6,19,121.50993347167969,25.0459041595459,29.484546661376953
7,19,121.50996398925781,25.045961380004883,29.56939125061035
23,19,121.51378631591797,25.040557861328125,29.451358795166016
8,19,121.51023864746094,25.045930862426758,29.718042373657227
9,19,121.51083374023438,25.04647445678711,29.487154006958008
10,19,121.51077270507812,25.046342849731445,29.487728118896484
11,19,121.5107421875,25.04621696472168,29.48710060119629
12,19,121.51070404052734,25.046072006225586,29.4864501953125
13,19,121.51107788085938,25.04642105102539,29.487207412719727
14,19,121.51123809814453,25.046384811401367,29.487775802612305
15,19,121.51136016845703,25.046367645263672,29.48834228515625
16,19,121.51148986816406,25.046340942382812,29.488874435424805
1,20,121.51033782958984,25.046144485473633,100.0
17,20,121.5136947631836,25.04018783569336,29.45697784423828
2,20,121.510986328125,25.04594612121582,110.0
18,20,121.51351165771484,25.04018783569336,29.679698944091797
3,20,121.51021575927734,25.0455265045166,120.0
19,20,121.51351165771484,25.040000915527344,29.689321517944336
4,20,121.51084899902344,25.045455932617188,128.0
5,20,121.5097427368164,25.045955657958984,29.484235763549805
21,20,121.5136947631836,25.04027557373047,29.456974029541016
6,20,121.50993347167969,25.0459041595459,29.484546661376953
7,20,121.50996398925781,25.045961380004883,29.56939125061035
23,20,121.51378631591797,25.040557861328125,29.451358795166016
8,20,121.51023864746094,25.045930862426758,29.718042373657227
9,20,121.51083374023438,25.04647445678711,29.487154006958008
10,20,121.51077270507812,25.046342849731445,29.487728118896484
11,20,121.5107421875,25.04621696472168,29.48710060119629
12,20,121.51070404052734,25.046072006225586,29.4864501953125
13,20,121.51107788085938,25.04642105102539,29.487207412719727
14,20,121.51123809814453,25.046384811401367,29.487775802612305
15,20,121.51136016845703,25.046367645263672,29.48834228515625
16,20,121.51148986816406,25.046340942382812,29.488874435424805
1,21,121.51033782958984,25.046144485473633,100.0
17,21,121.5136947631836,25.04018783569336,29.45697784423828
2,21,121.510986328125,25.04594612121582,110.0
18,21,121.51351165771484,25.04018783569336,29.679698944091797
3,21,121.51021575927734,25.0455265045166,120.0
19,21,121.51351165771484,25.040000915527344,29.689321517944336
4,21,121.51084899902344,25.045455932617188,128.0
5,21,121.5097427368164,25.045955657958984,29.484235763549805
21,21,121.5136947631836,25.04027557373047,29.456974029541016
6,21,121.50993347167969,25.0459041595459,29.484546661376953
7,21,121.50996398925781,25.045961380004883,29.56939125061035
23,21,121.51378631591797,25.040557861328125,29.451358795166016
8,21,121.51023864746094,25.045930862426758,29.718042373657227
9,21,121.51083374023438,25.04647445678711,29.487154006958008
10,21,121.51077270507812,25.046342849731445,29.487728118896484
11,21,121.5107421875,25.04621696472168,29.48710060119629
12,21,121.51070404052734,25.046072006225586,29.4864501953125
13,21,121.51107788085938,25.04642105102539,29.487207412719727
14,21,121.51123809814453,25.046384811401367,29.487775802612305
15,21,121.51136016845703,25.046367645263672,29.48834228515625
16,21,121.51148986816406,25.046340942382812,29.488874435424805
1,22,121.51033782958984,25.046144485473633,100.0
17,22,121.5136947631836,25.04018783569336,29.45697784423828
2,22,121.510986328125,25.04594612121582,110.0
18,22,121.51351165771484,25.04018783569336,29.679698944091797
3,22,121.51021575927734,25.0455265045166,120.0
19,22,121.51351165771484,25.040000915527344,29.689321517944336
4,22,121.51084899902344,25.045455932617188,128.0
5,22,121.5097427368164,25.045955657958984,29.484235763549805
21,22,121.5136947631836,25.04027557373047,29.456974029541016
6,22,121.50993347167969,25.0459041595459,29.484546661376953
7,22,121.50996398925781,25.045961380004883,29.56939125061035
23,22,121.51378631591797,25.040557861328125,29.451358795166016
8,22,121.51023864746094,25.045930862426758,29.718042373657227
9,22,121.51083374023438,25.04647445678711,29.487154006958008
10,22,121.51077270507812,25.046342849731445,29.487728118896484
11,22,121.5107421875,25.04621696472168,29.48710060119629
12,22,121.51070404052734,25.046072006225586,29.4864501953125
13,22,121.51107788085938,25.04642105102539,29.487207412719727
14,22,121.51123809814453,25.046384811401367,29.487775802612305
15,22,121.51136016845703,25.046367645263672,29.48834228515625
16,22,121.51148986816406,25.046340942382812,29.488874435424805
1,23,121.51033782958984,25.046144485473633,100.0
17,23,121.5136947631836,25.04018783569336,29.45697784423828
2,23,121.510986328125,25.04594612121582,110.0
18,23,121.51351165771484,25.04018783569336,29.679698944091797
3,23,121.51021575927734,25.0455265045166,120.0
19,23,121.51351165771484,25.040000915527344,29.689321517944336
4,23,121.51084899902344,25.045455932617188,128.0
5,23,121.5097427368164,25.045955657958984,29.484235763549805
21,23,121.5136947631836,25.04027557373047,29.456974029541016
6,23,121.50993347167969,25.0459041595459,29.484546661376953
7,23,121.50996398925781,25.045961380004883,29.56939125061035
23,23,121.51378631591797,25.040557861328125,29.451358795166016
8,23,121.51023864746094,25.045930862426758,29.718042373657227
9,23,121.51083374023438,25.04647445678711,29.487154006958008
10,23,121.51077270507812,25.046342849731445,29.487728118896484
11,23,121.5107421875,25.04621696472168,29.48710060119629
12,23,121.51070404052734,25.046072006225586,29.4864501953125
13,23,121.51107788085938,25.04642105102539,29.487207412719727
14,23,121.51123809814453,25.046384811401367,29.487775802612305
15,23,121.51136016845703,25.046367645263672,29.48834228515625
16,23,121.51148986816406,25.046340942382812,29.488874435424805
1,24,121.51033782958984,25.046144485473633,100.0
17,24,121.5136947631836,25.04018783569336,29.45697784423828
2,24,121.510986328125,25.04594612121582,110.0
18,24,121.51351165771484,25.04018783569336,29.679698944091797
3,24,121.51021575927734,25.0455265045166,120.0
19,24,121.51351165771484,25.040000915527344,29.689321517944336
4,24,121.51084899902344,25.045455932617188,128.0
5,24,121.5097427368164,25.045955657958984,29.484235763549805
21,24,121.5136947631836,25.04027557373047,29.456974029541016
6,24,121.50993347167969,25.0459041595459,29.484546661376953
7,24,121.50996398925781,25.045961380004883,29.56939125061035
23,24,121.51378631591797,25.040557861328125,29.451358795166016
8,24,121.51023864746094,25.045930862426758,29.718042373657227
9,24,121.51083374023438,25.04647445678711,29.487154006958008
10,24,121.51077270507812,25.046342849731445,29.487728118896484
11,24,121.5107421875,25.04621696472168,29.48710060119629
12,24,121.51070404052734,25.046072006225586,29.4864501953125
13,24,121.51107788085938,25.04642105102539,29.487207412719727
14,24,121.51123809814453,25.046384811401367,29.487775802612305
15,24,121.51136016845703,25.046367645263672,29.48834228515625
16,24,121.51148986816406,25.046340942382812,29.488874435424805
1,25,121.51033782958984,25.046144485473633,100.0
17,25,121.5136947631836,25.04018783569336,29.45697784423828
2,25,121.510986328125,25.04594612121582,110.0
18,25,121.51351165771484,25.04018783569336,29.679698944091797
3,25,121.51021575927734,25.0455265045166,120.0
19,25,121.51351165771484,25.040000915527344,29.689321517944336
4,25,121.51084899902344,25.045455932617188,128.0
5,25,121.5097427368164,25.045955657958984,29.484235763549805
21,25,121.5136947631836,25.04027557373047,29.456974029541016
6,25,121.50993347167969,25.0459041595459,29.484546661376953
7,25,121.50996398925781,25.045961380004883,29.56939125061035
23,25,121.51378631591797,25.040557861328125,29.451358795166016
8,25,121.51023864746094,25.045930862426758,29.718042373657227
9,25,121.51083374023438,25.04647445678711,29.487154006958008
10,25,121.51077270507812,25.046342849731445,29.487728118896484
11,25,121.5107421875,25.04621696472168,29.48710060119629
12,25,121.51070404052734,25.046072006225586,29.4864501953125
13,25,121.51107788085938,25.04642105102539,29.487207412719727
14,25,121.51123809814453,25.046384811401367,29.487775802612305
15,25,121.51136016845703,25.046367645263672,29.48834228515625
16,25,121.51148986816406,25.046340942382812,29.488874435424805
1,26,121.51033782958984,25.046144485473633,100.0
17,26,121.5136947631836,25.04018783569336,29.45697784423828
2,26,121.510986328125,25.04594612121582,110.0
18,26,121.51351165771484,25.04018783569336,29.679698944091797
3,26,121.51021575927734,25.0455265045166,120.0
19,26,121.51351165771484,25.040000915527344,29.689321517944336
4,26,121.51084899902344,25.045455932617188,128.0
5,26,121.5097427368164,25.045955657958984,29.484235763549805
21,26,121.5136947631836,25.04027557373047,29.456974029541016
6,26,121.50993347167969,25.0459041595459,29.484546661376953
7,26,121.50996398925781,25.045961380004883,29.56939125061035
23,26,121.51378631591797,25.040557861328125,29.451358795166016
8,26,121.51023864746094,25.045930862426758,29.718042373657227
9,26,121.51083374023438,25.04647445678711,29.487154006958008
10,26,121.51077270507812,25.046342849731445,29.487728118896484
11,26,121.5107421875,25.04621696472168,29.48710060119629
12,26,121.51070404052734,25.046072006225586,29.4864501953125
13,26,121.51107788085938,25.04642105102539,29.487207412719727
14,26,121.51123809814453,25.046384811401367,29.487775802612305
15,26,121.51136016845703,25.046367645263672,29.48834228515625
16,26,121.51148986816406,25.046340942382812,29.488874435424805
1,27,121.51033782958984,25.046144485473633,100.0
17,27,121.5136947631836,25.04018783569336,29.45697784423828
2,27,121.510986328125,25.04594612121582,110.0
18,27,121.51351165771484,25.04018783569336,29.679698944091797
3,27,121.51021575927734,25.0455265045166,120.0
19,27,121.51351165771484,25.040000915527344,29.689321517944336
4,27,121.51084899902344,25.045455932617188,128.0
5,27,121.5097427368164,25.045955657958984,29.484235763549805
21,27,121.5136947631836,25.04027557373047,29.456974029541016
6,27,121.50993347167969,25.0459041595459,29.484546661376953
7,27,121.50996398925781,25.045961380004883,29.56939125061035
23,27,121.51378631591797,25.040557861328125,29.451358795166016
8,27,121.51023864746094,25.045930862426758,29.718042373657227
9,27,121.51083374023438,25.04647445678711,29.487154006958008
10,27,121.51077270507812,25.046342849731445,29.487728118896484
11,27,121.5107421875,25.04621696472168,29.48710060119629
12,27,121.51070404052734,25.046072006225586,29.4864501953125
13,27,121.51107788085938,25.04642105102539,29.487207412719727
14,27,121.51123809814453,25.046384811401367,29.487775802612305
15,27,121.51136016845703,25.046367645263672,29.48834228515625
16,27,121.51148986816406,25.046340942382812,29.488874435424805
1,28,121.51033782958984,25.046144485473633,100.0
17,28,121.5136947631836,25.04018783569336,29.45697784423828
2,28,121.510986328125,25.04594612121582,110.0
18,28,121.51351165771484,25.04018783569336,29.679698944091797
3,28,121.51021575927734,25.0455265045166,120.0
19,28,121.51351165771484,25.040000915527344,29.689321517944336
4,28,121.51084899902344,25.045455932617188,128.0
5,28,121.5097427368164,25.045955657958984,29.484235763549805
21,28,121.5136947631836,25.04027557373047,29.456974029541016
6,28,121.50993347167969,25.0459041595459,29.484546661376953
7,28,121.50996398925781,25.045961380004883,29.56939125061035
23,28,121.51378631591797,25.040557861328125,29.451358795166016
8,28,121.51023864746094,25.045930862426758,29.718042373657227
9,28,121.51083374023438,25.04647445678711,29.487154006958008
10,28,121.51077270507812,25.046342849731445,29.487728118896484
11,28,121.5107421875,25.04621696472168,29.48710060119629
12,28,121.51070404052734,25.046072006225586,29.4864501953125
13,28,121.51107788085938,25.04642105102539,29.487207412719727
14,28,121.51123809814453,25.046384811401367,29.487775802612305
15,28,121.51136016845703,25.046367645263672,29.48834228515625
16,28,121.51148986816406,25.046340942382812,29.488874435424805
1,29,121.51033782958984,25.046144485473633,100.0
17,29,121.5136947631836,25.04018783569336,29.45697784423828
2,29,121.510986328125,25.04594612121582,110.0
18,29,121.51351165771484,25.04018783569336,29.679698944091797
3,29,121.51021575927734,25.0455265045166,120.0
19,29,121.51351165771484,25.040000915527344,29.689321517944336
4,29,121.51084899902344,25.045455932617188,128.0
5,29,121.5097427368164,25.045955657958984,29.484235763549805
21,29,121.5136947631836,25.04027557373047,29.456974029541016
6,29,121.50993347167969,25.0459041595459,29.484546661376953
7,29,121.50996398925781,25.045961380004883,29.56939125061035
23,29,121.51378631591797,25.040557861328125,29.451358795166016
8,29,121.51023864746094,25.045930862426758,29.718042373657227
9,29,121.51083374023438,25.04647445678711,29.487154006958008
10,29,121.51077270507812,25.046342849731445,29.487728118896484
11,29,121.5107421875,25.04621696472168,29.48710060119629
12,29,121.51070404052734,25.046072006225586,29.4864501953125
13,29,121.51107788085938,25.04642105102539,29.487207412719727
14,29,121.51123809814453,25.046384811401367,29.487775802612305
15,29,121.51136016845703,25.046367645263672,29.48834228515625
16,29,121.51148986816406,25.046340942382812,29.488874435424805
1,30,121.51033782958984,25.046144485473633,100.0
17,30,121.5136947631836,25.04018783569336,29.45697784423828
2,30,121.510986328125,25.04594612121582,110.0
18,30,121.51351165771484,25.04018783569336,29.679698944091797
3,30,121.51021575927734,25.0455265045166,120.0
19,30,121.51351165771484,25.040000915527344,29.689321517944336
4,30,121.51084899902344,25.045455932617188,128.0
5,30,121.5097427368164,25.045955657958984,29.484235763549805
21,30,121.5136947631836,25.04027557373047,29.456974029541016
6,30,121.50993347167969,25.0459041595459,29.484546661376953
7,30,121.50996398925781,25.045961380004883,29.56939125061035
23,30,121.51378631591797,25.040557861328125,29.451358795166016
8,30,121.51023864746094,25.045930862426758,29.718042373657227
9,30,121.51083374023438,25.04647445678711,29.487154006958008
10,30,121.51077270507812,25.046342849731445,29.487728118896484
11,30,121.5107421875,25.04621696472168,29.48710060119629
12,30,121.51070404052734,25.046072006225586,29.4864501953125
13,30,121.51107788085938,25.04642105102539,29.487207412719727
14,30,121.51123809814453,25.046384811401367,29.487775802612305
15,30,121.51136016845703,25.046367645263672,29.48834228515625
16,30,121.51148986816406,25.046340942382812,29.488874435424805
1,31,121.51033782958984,25.046144485473633,100.0
17,31,121.5136947631836,25.04018783569336,29.45697784423828
2,31,121.510986328125,25.04594612121582,110.0
18,31,121.51351165771484,25.04018783569336,29.679698944091797
3,31,121.51021575927734,25.0455265045166,120.0
19,31,121.51351165771484,25.040000915527344,29.689321517944336
4,31,121.51084899902344,25.045455932617188,128.0
5,31,121.5097427368164,25.045955657958984,29.484235763549805
21,31,121.5136947631836,25.04027557373047,29.456974029541016
6,31,121.50993347167969,25.0459041595459,29.484546661376953
7,31,121.50996398925781,25.045961380004883,29.56939125061035
23,31,121.51378631591797,25.040557861328125,29.451358795166016
8,31,121.51023864746094,25.045930862426758,29.718042373657227
9,31,121.51083374023438,25.04647445678711,29.487154006958008
10,31,121.51077270507812,25.046342849731445,29.487728118896484
11,31,121.5107421875,25.04621696472168,29.48710060119629
12,31,121.51070404052734,25.046072006225586,29.4864501953125
13,31,121.51107788085938,25.04642105102539,29.487207412719727
14,31,121.51123809814453,25.046384811401367,29.487775802612305
15,31,121.51136016845703,25.046367645263672,29.48834228515625
16,31,121.51148986816406,25.046340942382812,29.488874435424805
1,32,121.51033782958984,25.046144485473633,100.0
17,32,121.5136947631836,25.04018783569336,29.45697784423828
2,32,121.510986328125,25.04594612121582,110.0
18,32,121.51351165771484,25.04018783569336,29.679698944091797
3,32,121.51021575927734,25.0455265045166,120.0
19,32,121.51351165771484,25.040000915527344,29.689321517944336
4,32,121.51084899902344,25.045455932617188,128.0
5,32,121.5097427368164,25.045955657958984,29.484235763549805
21,32,121.5136947631836,25.04027557373047,29.456974029541016
6,32,121.50993347167969,25.0459041595459,29.484546661376953
7,32,121.50996398925781,25.045961380004883,29.56939125061035
23,32,121.51378631591797,25.040557861328125,29.451358795166016
8,32,121.51023864746094,25.045930862426758,29.718042373657227
9,32,121.51083374023438,25.04647445678711,29.487154006958008
10,32,121.51077270507812,25.046342849731445,29.487728118896484
11,32,121.5107421875,25.04621696472168,29.48710060119629
12,32,121.51070404052734,25.046072006225586,29.4864501953125
13,32,121.51107788085938,25.04642105102539,29.487207412719727
14,32,121.51123809814453,25.046384811401367,29.487775802612305
15,32,121.51136016845703,25.046367645263672,29.48834228515625
16,32,121.51148986816406,25.046340942382812,29.488874435424805
1,33,121.51033782958984,25.046144485473633,100.0
17,33,121.5136947631836,25.04018783569336,29.45697784423828
2,33,121.510986328125,25.04594612121582,110.0
18,33,121.51351165771484,25.04018783569336,29.679698944091797
3,33,121.51021575927734,25.0455265045166,120.0
19,33,121.51351165771484,25.040000915527344,29.689321517944336
4,33,121.51084899902344,25.045455932617188,128.0
5,33,121.5097427368164,25.045955657958984,29.484235763549805
21,33,121.5136947631836,25.04027557373047,29.456974029541016
6,33,121.50993347167969,25.0459041595459,29.484546661376953
7,33,121.50996398925781,25.045961380004883,29.56939125061035
23,33,121.51378631591797,25.040557861328125,29.451358795166016
8,33,121.51023864746094,25.045930862426758,29.718042373657227
9,33,121.51083374023438,25.04647445678711,29.487154006958008
10,33,121.51077270507812,25.046342849731445,29.487728118896484
11,33,121.5107421875,25.04621696472168,29.48710060119629
12,33,121.51070404052734,25.046072006225586,29.4864501953125
13,33,121.51107788085938,25.04642105102539,29.487207412719727
14,33,121.51123809814453,25.046384811401367,29.487775802612305
15,33,121.51136016845703,25.046367645263672,29.48834228515625
16,33,121.51148986816406,25.046340942382812,29.488874435424805
1,34,121.51033782958984,25.046144485473633,100.0
17,34,121.5136947631836,25.04018783569336,29.45697784423828
2,34,121.510986328125,25.04594612121582,110.0
18,34,121.51351165771484,25.04018783569336,29.679698944091797
3,34,121.51021575927734,25.0455265045166,120.0
19,34,121.51351165771484,25.040000915527344,29.689321517944336
4,34,121.51084899902344,25.045455932617188,128.0
5,34,121.5097427368164,25.045955657958984,29.484235763549805
21,34,121.5136947631836,25.04027557373047,29.456974029541016
6,34,121.50993347167969,25.0459041595459,29.484546661376953
7,34,121.50996398925781,25.045961380004883,29.56939125061035
23,34,121.51378631591797,25.040557861328125,29.451358795166016
8,34,121.51023864746094,25.045930862426758,29.718042373657227
9,34,121.51083374023438,25.04647445678711,29.487154006958008
10,34,121.51077270507812,25.046342849731445,29.487728118896484
11,34,121.5107421875,25.04621696472168,29.48710060119629
12,34,121.51070404052734,25.046072006225586,29.4864501953125
13,34,121.51107788085938,25.04642105102539,29.487207412719727
14,34,121.51123809814453,25.046384811401367,29.487775802612305
15,34,121.51136016845703,25.046367645263672,29.48834228515625
16,34,121.51148986816406,25.046340942382812,29.488874435424805
1,35,121.51033782958984,25.046144485473633,100.0
17,35,121.5136947631836,25.04018783569336,29.45697784423828
2,35,121.510986328125,25.04594612121582,110.0
18,35,121.51351165771484,25.04018783569336,29.679698944091797
3,35,121.51021575927734,25.0455265045166,120.0
19,35,121.51351165771484,25.040000915527344,29.689321517944336
4,35,121.51084899902344,25.045455932617188,128.0
5,35,121.5097427368164,25.045955657958984,29.484235763549805
21,35,121.5136947631836,25.04027557373047,29.456974029541016
6,35,121.50993347167969,25.0459041595459,29.484546661376953
7,35,121.50996398925781,25.045961380004883,29.56939125061035
23,35,121.51378631591797,25.040557861328125,29.451358795166016
8,35,121.51023864746094,25.045930862426758,29.718042373657227
9,35,121.51083374023438,25.04647445678711,29.487154006958008
10,35,121.51077270507812,25.046342849731445,29.487728118896484
11,35,121.5107421875,25.04621696472168,29.48710060119629
12,35,121.51070404052734,25.046072006225586,29.4864501953125
13,35,121.51107788085938,25.04642105102539,29.487207412719727
14,35,121.51123809814453,25.046384811401367,29.487775802612305
15,35,121.51136016845703,25.046367645263672,29.48834228515625
16,35,121.51148986816406,25.046340942382812,29.488874435424805
1,36,121.51033782958984,25.046144485473633,100.0
17,36,121.5136947631836,25.04018783569336,29.45697784423828
2,36,121.510986328125,25.04594612121582,110.0
18,36,121.51351165771484,25.04018783569336,29.679698944091797
3,36,121.51021575927734,25.0455265045166,120.0
19,36,121.51351165771484,25.040000915527344,29.689321517944336
4,36,121.51084899902344,25.045455932617188,128.0
5,36,121.5097427368164,25.045955657958984,29.484235763549805
21,36,121.5136947631836,25.04027557373047,29.456974029541016
6,36,121.50993347167969,25.0459041595459,29.484546661376953
7,36,121.50996398925781,25.045961380004883,29.56939125061035
23,36,121.51378631591797,25.040557861328125,29.451358795166016
8,36,121.51023864746094,25.045930862426758,29.718042373657227
9,36,121.51083374023438,25.04647445678711,29.487154006958008
10,36,121.51077270507812,25.046342849731445,29.487728118896484
11,36,121.5107421875,25.04621696472168,29.48710060119629
12,36,121.51070404052734,25.046072006225586,29.4864501953125
13,36,121.51107788085938,25.04642105102539,29.487207412719727
14,36,121.51123809814453,25.046384811401367,29.487775802612305
15,36,121.51136016845703,25.046367645263672,29.48834228515625
16,36,121.51148986816406,25.046340942382812,29.488874435424805
1,37,121.51033782958984,25.046144485473633,100.0
17,37,121.5136947631836,25.04018783569336,29.45697784423828
2,37,121.510986328125,25.04594612121582,110.0
18,37,121.51351165771484,25.04018783569336,29.679698944091797
3,37,121.51021575927734,25.0455265045166,120.0
19,37,121.51351165771484,25.040000915527344,29.689321517944336
4,37,121.51084899902344,25.045455932617188,128.0
5,37,121.5097427368164,25.045955657958984,29.484235763549805
21,37,121.5136947631836,25.04027557373047,29.456974029541016
6,37,121.50993347167969,25.0459041595459,29.484546661376953
7,37,121.50996398925781,25.045961380004883,29.56939125061035
23,37,121.51378631591797,25.040557861328125,29.451358795166016
8,37,121.51023864746094,25.045930862426758,29.718042373657227
9,37,121.51083374023438,25.04647445678711,29.487154006958008
10,37,121.51077270507812,25.046342849731445,29.487728118896484
11,37,121.5107421875,25.04621696472168,29.48710060119629
12,37,121.51070404052734,25.046072006225586,29.4864501953125
13,37,121.51107788085938,25.04642105102539,29.487207412719727
14,37,121.51123809814453,25.046384811401367,29.487775802612305
15,37,121.51136016845703,25.046367645263672,29.48834228515625
16,37,121.51148986816406,25.046340942382812,29.488874435424805
1,38,121.51033782958984,25.046144485473633,100.0
17,38,121.5136947631836,25.04018783569336,29.45697784423828
2,38,121.510986328125,25.04594612121582,110.0
18,38,121.51351165771484,25.04018783569336,29.679698944091797
3,38,121.51021575927734,25.0455265045166,120.0
19,38,121.51351165771484,25.040000915527344,29.689321517944336
4,38,121.51084899902344,25.045455932617188,128.0
5,38,121.5097427368164,25.045955657958984,29.484235763549805
21,38,121.5136947631836,25.04027557373047,29.456974029541016
6,38,121.50993347167969,25.0459041595459,29.484546661376953
7,38,121.50996398925781,25.045961380004883,29.56939125061035
23,38,121.51378631591797,25.040557861328125,29.451358795166016
8,38,121.51023864746094,25.045930862426758,29.718042373657227
9,38,121.51083374023438,25.04647445678711,29.487154006958008
10,38,121.51077270507812,25.046342849731445,29.487728118896484
11,38,121.5107421875,25.04621696472168,29.48710060119629
12,38,121.51070404052734,25.046072006225586,29.4864501953125
13,38,121.51107788085938,25.04642105102539,29.487207412719727
14,38,121.51123809814453,25.046384811401367,29.487775802612305
15,38,121.51136016845703,25.046367645263672,29.48834228515625
16,38,121.51148986816406,25.046340942382812,29.488874435424805
1,39,121.51033782958984,25.046144485473633,100.0
17,39,121.5136947631836,25.04018783569336,29.45697784423828
2,39,121.510986328125,25.04594612121582,110.0
18,39,121.51351165771484,25.04018783569336,29.679698944091797
3,39,121.51021575927734,25.0455265045166,120.0
19,39,121.51351165771484,25.040000915527344,29.689321517944336
4,39,121.51084899902344,25.045455932617188,128.0
5,39,121.5097427368164,25.045955657958984,29.484235763549805
21,39,121.5136947631836,25.04027557373047,29.456974029541016
6,39,121.50993347167969,25.0459041595459,29.484546661376953
7,39,121.50996398925781,25.045961380004883,29.56939125061035
23,39,121.51378631591797,25.040557861328125,29.451358795166016
8,39,121.51023864746094,25.045930862426758,29.718042373657227
9,39,121.51083374023438,25.04647445678711,29.487154006958008
10,39,121.51077270507812,25.046342849731445,29.487728118896484
11,39,121.5107421875,25.04621696472168,29.48710060119629
12,39,121.51070404052734,25.046072006225586,29.4864501953125
13,39,121.51107788085938,25.04642105102539,29.487207412719727
14,39,121.51123809814453,25.046384811401367,29.487775802612305
15,39,121.51136016845703,25.046367645263672,29.48834228515625
16,39,121.51148986816406,25.046340942382812,29.488874435424805
1,40,121.51033782958984,25.046144485473633,100.0
17,40,121.5136947631836,25.04018783569336,29.45697784423828
2,40,121.510986328125,25.04594612121582,110.0
18,40,121.51351165771484,25.04018783569336,29.679698944091797
3,40,121.51021575927734,25.0455265045166,120.0
19,40,121.51351165771484,25.040000915527344,29.689321517944336
4,40,121.51084899902344,25.045455932617188,128.0
5,40,121.5097427368164,25.045955657958984,29.484235763549805
21,40,121.5136947631836,25.04027557373047,29.456974029541016
6,40,121.50993347167969,25.0459041595459,29.484546661376953
7,40,121.50996398925781,25.045961380004883,29.56939125061035
23,40,121.51378631591797,25.040557861328125,29.451358795166016
8,40,121.51023864746094,25.045930862426758,29.718042373657227
9,40,121.51083374023438,25.04647445678711,29.487154006958008
10,40,121.51077270507812,25.046342849731445,29.487728118896484
11,40,121.5107421875,25.04621696472168,29.48710060119629
12,40,121.51070404052734,25.046072006225586,29.4864501953125
13,40,121.51107788085938,25.04642105102539,29.487207412719727
14,40,121.51123809814453,25.046384811401367,29.487775802612305
15,40,121.51136016845703,25.046367645263672,29.48834228515625
16,40,121.51148986816406,25.046340942382812,29.488874435424805
1,41,121.51033782958984,25.046144485473633,100.0
17,41,121.5136947631836,25.04018783569336,29.45697784423828
2,41,121.510986328125,25.04594612121582,110.0
18,41,121.51351165771484,25.04018783569336,29.679698944091797
3,41,121.51021575927734,25.0455265045166,120.0
19,41,121.51351165771484,25.040000915527344,29.689321517944336
4,41,121.51084899902344,25.045455932617188,128.0
5,41,121.5097427368164,25.045955657958984,29.484235763549805
21,41,121.5136947631836,25.04027557373047,29.456974029541016
6,41,121.50993347167969,25.0459041595459,29.484546661376953
7,41,121.50996398925781,25.045961380004883,29.56939125061035
23,41,121.51378631591797,25.040557861328125,29.451358795166016
8,41,121.51023864746094,25.045930862426758,29.718042373657227
9,41,121.51083374023438,25.04647445678711,29.487154006958008
10,41,121.51077270507812,25.046342849731445,29.487728118896484
11,41,121.5107421875,25.04621696472168,29.48710060119629
12,41,121.51070404052734,25.046072006225586,29.4864501953125
13,41,121.51107788085938,25.04642105102539,29.487207412719727
14,41,121.51123809814453,25.046384811401367,29.487775802612305
15,41,121.51136016845703,25.046367645263672,29.48834228515625
16,41,121.51148986816406,25.046340942382812,29.488874435424805
1,42,121.51033782958984,25.046144485473633,100.0
17,42,121.5136947631836,25.04018783569336,29.45697784423828
2,42,121.510986328125,25.04594612121582,110.0
18,42,121.51351165771484,25.04018783569336,29.679698944091797
3,42,121.51021575927734,25.0455265045166,120.0
19,42,121.51351165771484,25.040000915527344,29.689321517944336
4,42,121.51084899902344,25.045455932617188,128.0
5,42,121.5097427368164,25.045955657958984,29.484235763549805
21,42,121.5136947631836,25.04027557373047,29.456974029541016
6,42,121.50993347167969,25.0459041595459,29.484546661376953
7,42,121.50996398925781,25.045961380004883,29.56939125061035
23,42,121.51378631591797,25.040557861328125,29.451358795166016
8,42,121.51023864746094,25.045930862426758,29.718042373657227
9,42,121.51083374023438,25.04647445678711,29.487154006958008
10,42,121.51077270507812,25.046342849731445,29.487728118896484
11,42,121.5107421875,25.04621696472168,29.48710060119629
12,42,121.51070404052734,25.046072006225586,29.4864501953125
13,42,121.51107788085938,25.04642105102539,29.487207412719727
14,42,121.51123809814453,25.046384811401367,29.487775802612305
15,42,121.51136016845703,25.046367645263672,29.48834228515625
16,42,121.51148986816406,25.046340942382812,29.488874435424805
1,43,121.51033782958984,25.046144485473633,100.0
17,43,121.5136947631836,25.04018783569336,29.45697784423828
2,43,121.510986328125,25.04594612121582,110.0
18,43,121.51351165771484,25.04018783569336,29.679698944091797
3,43,121.51021575927734,25.0455265045166,120.0
19,43,121.51351165771484,25.040000915527344,29.689321517944336
4,43,121.51084899902344,25.045455932617188,128.0
5,43,121.5097427368164,25.045955657958984,29.484235763549805
21,43,121.5136947631836,25.04027557373047,29.456974029541016
6,43,121.50993347167969,25.0459041595459,29.484546661376953
7,43,121.50996398925781,25.045961380004883,29.56939125061035
23,43,121.51378631591797,25.040557861328125,29.451358795166016
8,43,121.51023864746094,25.045930862426758,29.718042373657227
9,43,121.51083374023438,25.04647445678711,29.487154006958008
10,43,121.51077270507812,25.046342849731445,29.487728118896484
11,43,121.5107421875,25.04621696472168,29.48710060119629
12,43,121.51070404052734,25.046072006225586,29.4864501953125
13,43,121.51107788085938,25.04642105102539,29.487207412719727
14,43,121.51123809814453,25.046384811401367,29.487775802612305
15,43,121.51136016845703,25.046367645263672,29.48834228515625
16,43,121.51148986816406,25.046340942382812,29.488874435424805
1,44,121.51033782958984,25.046144485473633,100.0
17,44,121.5136947631836,25.04018783569336,29.45697784423828
2,44,121.510986328125,25.04594612121582,110.0
18,44,121.51351165771484,25.04018783569336,29.679698944091797
3,44,121.51021575927734,25.0455265045166,120.0
19,44,121.51351165771484,25.040000915527344,29.689321517944336
4,44,121.51084899902344,25.045455932617188,128.0
5,44,121.5097427368164,25.045955657958984,29.484235763549805
21,44,121.5136947631836,25.04027557373047,29.456974029541016
6,44,121.50993347167969,25.0459041595459,29.484546661376953
7,44,121.50996398925781,25.045961380004883,29.56939125061035
23,44,121.51378631591797,25.040557861328125,29.451358795166016
8,44,121.51023864746094,25.045930862426758,29.718042373657227
9,44,121.51083374023438,25.04647445678711,29.487154006958008
10,44,121.51077270507812,25.046342849731445,29.487728118896484
11,44,121.5107421875,25.04621696472168,29.48710060119629
12,44,121.51070404052734,25.046072006225586,29.4864501953125
13,44,121.51107788085938,25.04642105102539,29.487207412719727
14,44,121.51123809814453,25.046384811401367,29.487775802612305
15,44,121.51136016845703,25.046367645263672,29.48834228515625
16,44,121.51148986816406,25.046340942382812,29.488874435424805
1,45,121.51033782958984,25.046144485473633,100.0
17,45,121.5136947631836,25.04018783569336,29.45697784423828
2,45,121.510986328125,25.04594612121582,110.0
18,45,121.51351165771484,25.04018783569336,29.679698944091797
3,45,121.51021575927734,25.0455265045166,120.0
19,45,121.51351165771484,25.040000915527344,29.689321517944336
4,45,121.51084899902344,25.045455932617188,128.0
5,45,121.5097427368164,25.045955657958984,29.484235763549805
21,45,121.5136947631836,25.04027557373047,29.456974029541016
6,45,121.50993347167969,25.0459041595459,29.484546661376953
7,45,121.50996398925781,25.045961380004883,29.56939125061035
23,45,121.51378631591797,25.040557861328125,29.451358795166016
8,45,121.51023864746094,25.045930862426758,29.718042373657227
9,45,121.51083374023438,25.04647445678711,29.487154006958008
10,45,121.51077270507812,25.046342849731445,29.487728118896484
11,45,121.5107421875,25.04621696472168,29.48710060119629
12,45,121.51070404052734,25.046072006225586,29.4864501953125
13,45,121.51107788085938,25.04642105102539,29.487207412719727
14,45,121.51123809814453,25.046384811401367,29.487775802612305
15,45,121.51136016845703,25.046367645263672,29.48834228515625
16,45,121.51148986816406,25.046340942382812,29.488874435424805
1,46,121.51033782958984,25.046144485473633,100.0
17,46,121.5136947631836,25.04018783569336,29.45697784423828
2,46,121.510986328125,25.04594612121582,110.0
18,46,121.51351165771484,25.04018783569336,29.679698944091797
3,46,121.51021575927734,25.0455265045166,120.0
19,46,121.51351165771484,25.040000915527344,29.689321517944336
4,46,121.51084899902344,25.045455932617188,128.0
5,46,121.5097427368164,25.045955657958984,29.484235763549805
21,46,121.5136947631836,25.04027557373047,29.456974029541016
6,46,121.50993347167969,25.0459041595459,29.484546661376953
7,46,121.50996398925781,25.045961380004883,29.56939125061035
23,46,121.51378631591797,25.040557861328125,29.451358795166016
8,46,121.51023864746094,25.045930862426758,29.718042373657227
9,46,121.51083374023438,25.04647445678711,29.487154006958008
10,46,121.51077270507812,25.046342849731445,29.487728118896484
11,46,121.5107421875,25.04621696472168,29.48710060119629
12,46,121.51070404052734,25.046072006225586,29.4864501953125
13,46,121.51107788085938,25.04642105102539,29.487207412719727
14,46,121.51123809814453,25.046384811401367,29.487775802612305
15,46,121.51136016845703,25.046367645263672,29.48834228515625
16,46,121.51148986816406,25.046340942382812,29.488874435424805
1,47,121.51033782958984,25.046144485473633,100.0
17,47,121.5136947631836,25.04018783569336,29.45697784423828
2,47,121.510986328125,25.04594612121582,110.0
18,47,121.51351165771484,25.04018783569336,29.679698944091797
3,47,121.51021575927734,25.0455265045166,120.0
19,47,121.51351165771484,25.040000915527344,29.689321517944336
4,47,121.51084899902344,25.045455932617188,128.0
5,47,121.5097427368164,25.045955657958984,29.484235763549805
21,47,121.5136947631836,25.04027557373047,29.456974029541016
6,47,121.50993347167969,25.0459041595459,29.484546661376953
7,47,121.50996398925781,25.045961380004883,29.56939125061035
23,47,121.51378631591797,25.040557861328125,29.451358795166016
8,47,121.51023864746094,25.045930862426758,29.718042373657227
9,47,121.51083374023438,25.04647445678711,29.487154006958008
10,47,121.51077270507812,25.046342849731445,29.487728118896484
11,47,121.5107421875,25.04621696472168,29.48710060119629
12,47,121.51070404052734,25.046072006225586,29.4864501953125
13,47,121.51107788085938,25.04642105102539,29.487207412719727
14,47,121.51123809814453,25.046384811401367,29.487775802612305
15,47,121.51136016845703,25.046367645263672,29.48834228515625
16,47,121.51148986816406,25.046340942382812,29.488874435424805
1,48,121.51033782958984,25.046144485473633,100.0
17,48,121.5136947631836,25.04018783569336,29.45697784423828
2,48,121.510986328125,25.04594612121582,110.0
18,48,121.51351165771484,25.04018783569336,29.679698944091797
3,48,121.51021575927734,25.0455265045166,120.0
19,48,121.51351165771484,25.040000915527344,29.689321517944336
4,48,121.51084899902344,25.045455932617188,128.0
5,48,121.5097427368164,25.045955657958984,29.484235763549805
21,48,121.5136947631836,25.04027557373047,29.456974029541016
6,48,121.50993347167969,25.0459041595459,29.484546661376953
7,48,121.50996398925781,25.045961380004883,29.56939125061035
23,48,121.51378631591797,25.040557861328125,29.451358795166016
8,48,121.51023864746094,25.045930862426758,29.718042373657227
9,48,121.51083374023438,25.04647445678711,29.487154006958008
10,48,121.51077270507812,25.046342849731445,29.487728118896484
11,48,121.5107421875,25.04621696472168,29.48710060119629
12,48,121.51070404052734,25.046072006225586,29.4864501953125
13,48,121.51107788085938,25.04642105102539,29.487207412719727
14,48,121.51123809814453,25.046384811401367,29.487775802612305
15,48,121.51136016845703,25.046367645263672,29.48834228515625
16,48,121.51148986816406,25.046340942382812,29.488874435424805
1,49,121.51033782958984,25.046144485473633,100.0
17,49,121.5136947631836,25.04018783569336,29.45697784423828
2,49,121.510986328125,25.04594612121582,110.0
18,49,121.51351165771484,25.04018783569336,29.679698944091797
3,49,121.51021575927734,25.0455265045166,120.0
19,49,121.51351165771484,25.040000915527344,29.689321517944336
4,49,121.51084899902344,25.045455932617188,128.0
5,49,121.5097427368164,25.045955657958984,29.484235763549805
21,49,121.5136947631836,25.04027557373047,29.456974029541016
6,49,121.50993347167969,25.0459041595459,29.484546661376953
7,49,121.50996398925781,25.045961380004883,29.56939125061035
23,49,121.51378631591797,25.040557861328125,29.451358795166016
8,49,121.51023864746094,25.045930862426758,29.718042373657227
9,49,121.51083374023438,25.04647445678711,29.487154006958008
10,49,121.51077270507812,25.046342849731445,29.487728118896484
11,49,121.5107421875,25.04621696472168,29.48710060119629
12,49,121.51070404052734,25.046072006225586,29.4864501953125
13,49,121.51107788085938,25.04642105102539,29.487207412719727
14,49,121.51123809814453,25.046384811401367,29.487775802612305
15,49,121.51136016845703,25.046367645263672,29.48834228515625
16,49,121.51148986816406,25.046340942382812,29.488874435424805
