unit_id,time_counter,longitude,latitude,altitude,converted_longitude,converted_latitude
1,0,121.51033782958984,25.046144485473633,100.0,11660.708660494536,1341.4054789021611
17,0,121.5136947631836,25.04018783569336,29.456829071044922,6618.127387586981,5897.756883383729
2,0,121.510986328125,25.04594612121582,110.0,11621.539027944207,1973.016591977328
18,0,121.51351165771484,25.04018783569336,29.681493759155273,6574.200850531459,5734.039625168778
3,0,121.51021575927734,25.0455265045166,120.0,11024.725627295673,1393.5726289795712
19,0,121.51351165771484,25.040000915527344,29.69151496887207,6390.69322656095,5782.831523042172
4,0,121.51084899902344,25.045455932617188,128.0,11107.354743927717,1978.1829111212865
5,0,121.5097427368164,25.045955657958984,29.48358154296875,11332.567264322191,858.6141641158611
21,0,121.5136947631836,25.04027557373047,29.458768844604492,6704.263619244099,5874.854563973844
6,0,121.50993347167969,25.0459041595459,29.4838924407959,11327.765850823373,1042.595640482381
7,0,121.51011657714844,25.045856475830078,29.48432731628418,11324.879218500108,1218.7598114199936
23,0,121.51378631591797,25.040557861328125,29.45315170288086,7003.36085049808,5883.0274697477
8,0,121.51029968261719,25.045806884765625,29.484769821166992,11320.120059400797,1395.4218588517979
9,0,121.51083374023438,25.04647445678711,29.486501693725586,12103.623497128487,1698.6737505113706
10,0,121.51077270507812,25.046342849731445,29.487070083618164,11959.776970621198,1678.4548102216795
11,0,121.5107421875,25.04621696472168,29.48644256591797,11828.869113951921,1684.028450107202
12,0,121.51070404052734,25.046072006225586,29.48579216003418,11677.405717145652,1687.7593026561663
13,0,121.51107788085938,25.04642105102539,29.486553192138672,12109.761463493109,1930.9039703663439
14,0,121.51123809814453,25.046384811401367,29.487123489379883,12112.61917469278,2083.6162249734625
15,0,121.51136016845703,25.046367645263672,29.487688064575195,12125.050791751593,2197.2419523634017
16,0,121.51148986816406,25.046340942382812,29.48822021484375,12129.950047314167,2320.178614708595
1,1,121.51033782958984,25.046144485473633,100.0,11660.708660494536,1341.4054789021611
17,1,121.5136947631836,25.04018783569336,29.456829071044922,6618.127387586981,5897.756883383729
2,1,121.510986328125,25.04594612121582,110.0,11621.539027944207,1973.016591977328
18,1,121.51351165771484,25.04018783569336,29.681493759155273,6574.200850531459,5734.039625168778
3,1,121.51021575927734,25.0455265045166,120.0,11024.725627295673,1393.5726289795712
19,1,121.51351165771484,25.040000915527344,29.69151496887207,6390.69322656095,5782.831523042172
4,1,121.51084899902344,25.045455932617188,128.0,11107.354743927717,1978.1829111212865
5,1,121.5097427368164,25.045955657958984,29.48358154296875,11332.567264322191,858.6141641158611
21,1,121.5136947631836,25.04027557373047,29.458768844604492,6704.263619244099,5874.854563973844
6,1,121.50993347167969,25.0459041595459,29.4838924407959,11327.765850823373,1042.595640482381
7,1,121.51011657714844,25.045856475830078,29.48432731628418,11324.879218500108,1218.7598114199936
23,1,121.51378631591797,25.040557861328125,29.45315170288086,7003.36085049808,5883.0274697477
8,1,121.51029968261719,25.045806884765625,29.484769821166992,11320.120059400797,1395.4218588517979
9,1,121.51083374023438,25.04647445678711,29.486501693725586,12103.623497128487,1698.6737505113706
10,1,121.51077270507812,25.046342849731445,29.487070083618164,11959.776970621198,1678.4548102216795
11,1,121.5107421875,25.04621696472168,29.48644256591797,11828.869113951921,1684.028450107202
12,1,121.51070404052734,25.046072006225586,29.48579216003418,11677.405717145652,1687.7593026561663
13,1,121.51107788085938,25.04642105102539,29.486553192138672,12109.761463493109,1930.9039703663439
14,1,121.51123809814453,25.046384811401367,29.487123489379883,12112.61917469278,2083.6162249734625
15,1,121.51136016845703,25.046367645263672,29.487688064575195,12125.050791751593,2197.2419523634017
16,1,121.51148986816406,25.046340942382812,29.48822021484375,12129.950047314167,2320.178614708595
1,2,121.51033782958984,25.046144485473633,100.0,11660.708660494536,1341.4054789021611
17,2,121.5136947631836,25.04018783569336,29.456829071044922,6618.127387586981,5897.756883383729
2,2,121.510986328125,25.04594612121582,110.0,11621.539027944207,1973.016591977328
18,2,121.51351165771484,25.04018783569336,29.681493759155273,6574.200850531459,5734.039625168778
3,2,121.51021575927734,25.0455265045166,120.0,11024.725627295673,1393.5726289795712
19,2,121.51351165771484,25.040000915527344,29.69151496887207,6390.69322656095,5782.831523042172
4,2,121.51084899902344,25.045455932617188,128.0,11107.354743927717,1978.1829111212865
5,2,121.5097427368164,25.045955657958984,29.48358154296875,11332.567264322191,858.6141641158611
21,2,121.5136947631836,25.04027557373047,29.458768844604492,6704.263619244099,5874.854563973844
6,2,121.50993347167969,25.0459041595459,29.4838924407959,11327.765850823373,1042.595640482381
7,2,121.51011657714844,25.045856475830078,29.48432731628418,11324.879218500108,1218.7598114199936
23,2,121.51378631591797,25.040557861328125,29.45315170288086,7003.36085049808,5883.0274697477
8,2,121.51029968261719,25.045806884765625,29.484769821166992,11320.120059400797,1395.4218588517979
9,2,121.51083374023438,25.04647445678711,29.486501693725586,12103.623497128487,1698.6737505113706
10,2,121.51077270507812,25.046342849731445,29.487070083618164,11959.776970621198,1678.4548102216795
11,2,121.5107421875,25.04621696472168,29.48644256591797,11828.869113951921,1684.028450107202
12,2,121.51070404052734,25.046072006225586,29.48579216003418,11677.405717145652,1687.7593026561663
13,2,121.51107788085938,25.04642105102539,29.486553192138672,12109.761463493109,1930.9039703663439
14,2,121.51123809814453,25.046384811401367,29.487123489379883,12112.61917469278,2083.6162249734625
15,2,121.51136016845703,25.046367645263672,29.487688064575195,12125.050791751593,2197.2419523634017
16,2,121.51148986816406,25.046340942382812,29.48822021484375,12129.950047314167,2320.178614708595
1,3,121.51033782958984,25.046144485473633,100.0,11660.708660494536,1341.4054789021611
17,3,121.5136947631836,25.04018783569336,29.456829071044922,6618.127387586981,5897.756883383729
2,3,121.510986328125,25.04594612121582,110.0,11621.539027944207,1973.016591977328
18,3,121.51351165771484,25.04018783569336,29.681493759155273,6574.200850531459,5734.039625168778
3,3,121.51021575927734,25.0455265045166,120.0,11024.725627295673,1393.5726289795712
19,3,121.51351165771484,25.040000915527344,29.69151496887207,6390.69322656095,5782.831523042172
4,3,121.51084899902344,25.045455932617188,128.0,11107.354743927717,1978.1829111212865
5,3,121.5097427368164,25.045955657958984,29.48358154296875,11332.567264322191,858.6141641158611
21,3,121.5136947631836,25.04027557373047,29.458768844604492,6704.263619244099,5874.854563973844
6,3,121.50993347167969,25.0459041595459,29.4838924407959,11327.765850823373,1042.595640482381
7,3,121.51011657714844,25.045856475830078,29.48432731628418,11324.879218500108,1218.7598114199936
23,3,121.51378631591797,25.040557861328125,29.45315170288086,7003.36085049808,5883.0274697477
8,3,121.51029968261719,25.045806884765625,29.484769821166992,11320.120059400797,1395.4218588517979
9,3,121.51083374023438,25.04647445678711,29.486501693725586,12103.623497128487,1698.6737505113706
10,3,121.51077270507812,25.046342849731445,29.487070083618164,11959.776970621198,1678.4548102216795
11,3,121.5107421875,25.04621696472168,29.48644256591797,11828.869113951921,1684.028450107202
12,3,121.51070404052734,25.046072006225586,29.48579216003418,11677.405717145652,1687.7593026561663
13,3,121.51107788085938,25.04642105102539,29.486553192138672,12109.761463493109,1930.9039703663439
14,3,121.51123809814453,25.046384811401367,29.487123489379883,12112.61917469278,2083.6162249734625
15,3,121.51136016845703,25.046367645263672,29.487688064575195,12125.050791751593,2197.2419523634017
16,3,121.51148986816406,25.046340942382812,29.48822021484375,12129.950047314167,2320.178614708595
1,4,121.51033782958984,25.046144485473633,100.0,11660.708660494536,1341.4054789021611
17,4,121.5136947631836,25.04018783569336,29.456829071044922,6618.127387586981,5897.756883383729
2,4,121.510986328125,25.04594612121582,110.0,11621.539027944207,1973.016591977328
18,4,121.51351165771484,25.04018783569336,29.681493759155273,6574.200850531459,5734.039625168778
3,4,121.51021575927734,25.0455265045166,120.0,11024.725627295673,1393.5726289795712
19,4,121.51351165771484,25.040000915527344,29.69151496887207,6390.69322656095,5782.831523042172
4,4,121.51084899902344,25.045455932617188,128.0,11107.354743927717,1978.1829111212865
5,4,121.5097427368164,25.045955657958984,29.48358154296875,11332.567264322191,858.6141641158611
21,4,121.5136947631836,25.04027557373047,29.458768844604492,6704.263619244099,5874.854563973844
6,4,121.50993347167969,25.0459041595459,29.4838924407959,11327.765850823373,1042.595640482381
7,4,121.51011657714844,25.045856475830078,29.48432731628418,11324.879218500108,1218.7598114199936
23,4,121.51378631591797,25.040557861328125,29.45315170288086,7003.36085049808,5883.0274697477
8,4,121.51029968261719,25.045806884765625,29.484769821166992,11320.120059400797,1395.4218588517979
9,4,121.51083374023438,25.04647445678711,29.486501693725586,12103.623497128487,1698.6737505113706
10,4,121.51077270507812,25.046342849731445,29.487070083618164,11959.776970621198,1678.4548102216795
11,4,121.5107421875,25.04621696472168,29.48644256591797,11828.869113951921,1684.028450107202
12,4,121.51070404052734,25.046072006225586,29.48579216003418,11677.405717145652,1687.7593026561663
13,4,121.51107788085938,25.04642105102539,29.486553192138672,12109.761463493109,1930.9039703663439
14,4,121.51123809814453,25.046384811401367,29.487123489379883,12112.61917469278,2083.6162249734625
15,4,121.51136016845703,25.046367645263672,29.487688064575195,12125.050791751593,2197.2419523634017
16,4,121.51148986816406,25.046340942382812,29.48822021484375,12129.950047314167,2320.178614708595
1,5,121.51033782958984,25.046144485473633,100.0,11660.708660494536,1341.4054789021611
17,5,121.5136947631836,25.04018783569336,29.456829071044922,6618.127387586981,5897.756883383729
2,5,121.510986328125,25.04594612121582,110.0,11621.539027944207,1973.016591977328
18,5,121.51351165771484,25.04018783569336,29.681493759155273,6574.200850531459,5734.039625168778
3,5,121.51021575927734,25.0455265045166,120.0,11024.725627295673,1393.5726289795712
19,5,121.51351165771484,25.040000915527344,29.69151496887207,6390.69322656095,5782.831523042172
4,5,121.51084899902344,25.045455932617188,128.0,11107.354743927717,1978.1829111212865
5,5,121.5097427368164,25.045955657958984,29.48358154296875,11332.567264322191,858.6141641158611
21,5,121.5136947631836,25.04027557373047,29.458768844604492,6704.263619244099,5874.854563973844
6,5,121.50993347167969,25.0459041595459,29.4838924407959,11327.765850823373,1042.595640482381
7,5,121.51011657714844,25.045856475830078,29.48432731628418,11324.879218500108,1218.7598114199936
23,5,121.51378631591797,25.040557861328125,29.45315170288086,7003.36085049808,5883.0274697477
8,5,121.51029968261719,25.045806884765625,29.484769821166992,11320.120059400797,1395.4218588517979
9,5,121.51083374023438,25.04647445678711,29.486501693725586,12103.623497128487,1698.6737505113706
10,5,121.51077270507812,25.046342849731445,29.487070083618164,11959.776970621198,1678.4548102216795
11,5,121.5107421875,25.04621696472168,29.48644256591797,11828.869113951921,1684.028450107202
12,5,121.51070404052734,25.046072006225586,29.48579216003418,11677.405717145652,1687.7593026561663
13,5,121.51107788085938,25.04642105102539,29.486553192138672,12109.761463493109,1930.9039703663439
14,5,121.51123809814453,25.046384811401367,29.487123489379883,12112.61917469278,2083.6162249734625
15,5,121.51136016845703,25.046367645263672,29.487688064575195,12125.050791751593,2197.2419523634017
16,5,121.51148986816406,25.046340942382812,29.48822021484375,12129.950047314167,2320.178614708595
1,6,121.51033782958984,25.046144485473633,100.0,11660.708660494536,1341.4054789021611
17,6,121.5136947631836,25.04018783569336,29.456829071044922,6618.127387586981,5897.756883383729
2,6,121.510986328125,25.04594612121582,110.0,11621.539027944207,1973.016591977328
18,6,121.51351165771484,25.04018783569336,29.681493759155273,6574.200850531459,5734.039625168778
3,6,121.51021575927734,25.0455265045166,120.0,11024.725627295673,1393.5726289795712
19,6,121.51351165771484,25.040000915527344,29.69151496887207,6390.69322656095,5782.831523042172
4,6,121.51084899902344,25.045455932617188,128.0,11107.354743927717,1978.1829111212865
5,6,121.5097427368164,25.045955657958984,29.48358154296875,11332.567264322191,858.6141641158611
21,6,121.5136947631836,25.04027557373047,29.458768844604492,6704.263619244099,5874.854563973844
6,6,121.50993347167969,25.0459041595459,29.4838924407959,11327.765850823373,1042.595640482381
7,6,121.51011657714844,25.045856475830078,29.48432731628418,11324.879218500108,1218.7598114199936
23,6,121.51378631591797,25.040557861328125,29.45315170288086,7003.36085049808,5883.0274697477
8,6,121.51029968261719,25.045806884765625,29.484769821166992,11320.120059400797,1395.4218588517979
9,6,121.51083374023438,25.04647445678711,29.486501693725586,12103.623497128487,1698.6737505113706
10,6,121.51077270507812,25.046342849731445,29.487070083618164,11959.776970621198,1678.4548102216795
11,6,121.5107421875,25.04621696472168,29.48644256591797,11828.869113951921,1684.028450107202
12,6,121.51070404052734,25.046072006225586,29.48579216003418,11677.405717145652,1687.7593026561663
13,6,121.51107788085938,25.04642105102539,29.486553192138672,12109.761463493109,1930.9039703663439
14,6,121.51123809814453,25.046384811401367,29.487123489379883,12112.61917469278,2083.6162249734625
15,6,121.51136016845703,25.046367645263672,29.487688064575195,12125.050791751593,2197.2419523634017
16,6,121.51148986816406,25.046340942382812,29.48822021484375,12129.950047314167,2320.178614708595
1,7,121.51033782958984,25.046144485473633,100.0,11660.708660494536,1341.4054789021611
17,7,121.5136947631836,25.04018783569336,29.456829071044922,6618.127387586981,5897.756883383729
2,7,121.510986328125,25.04594612121582,110.0,11621.539027944207,1973.016591977328
18,7,121.51351165771484,25.04018783569336,29.681493759155273,6574.200850531459,5734.039625168778
3,7,121.51021575927734,25.0455265045166,120.0,11024.725627295673,1393.5726289795712
19,7,121.51351165771484,25.040000915527344,29.69151496887207,6390.69322656095,5782.831523042172
4,7,121.51084899902344,25.045455932617188,128.0,11107.354743927717,1978.1829111212865
5,7,121.5097427368164,25.045955657958984,29.48358154296875,11332.567264322191,858.6141641158611
21,7,121.5136947631836,25.04027557373047,29.458768844604492,6704.263619244099,5874.854563973844
6,7,121.50993347167969,25.0459041595459,29.4838924407959,11327.765850823373,1042.595640482381
7,7,121.51011657714844,25.045856475830078,29.48432731628418,11324.879218500108,1218.7598114199936
23,7,121.51378631591797,25.040557861328125,29.45315170288086,7003.36085049808,5883.0274697477
8,7,121.51029968261719,25.045806884765625,29.484769821166992,11320.120059400797,1395.4218588517979
9,7,121.51083374023438,25.04647445678711,29.486501693725586,12103.623497128487,1698.6737505113706
10,7,121.51077270507812,25.046342849731445,29.487070083618164,11959.776970621198,1678.4548102216795
11,7,121.5107421875,25.04621696472168,29.48644256591797,11828.869113951921,1684.028450107202
12,7,121.51070404052734,25.046072006225586,29.48579216003418,11677.405717145652,1687.7593026561663
13,7,121.51107788085938,25.04642105102539,29.486553192138672,12109.761463493109,1930.9039703663439
14,7,121.51123809814453,25.046384811401367,29.487123489379883,12112.61917469278,2083.6162249734625
15,7,121.51136016845703,25.046367645263672,29.487688064575195,12125.050791751593,2197.2419523634017
16,7,121.51148986816406,25.046340942382812,29.48822021484375,12129.950047314167,2320.178614708595
1,8,121.51033782958984,25.046144485473633,100.0,11660.708660494536,1341.4054789021611
17,8,121.5136947631836,25.04018783569336,29.456829071044922,6618.127387586981,5897.756883383729
2,8,121.510986328125,25.04594612121582,110.0,11621.539027944207,1973.016591977328
18,8,121.51351165771484,25.04018783569336,29.681493759155273,6574.200850531459,5734.039625168778
3,8,121.51021575927734,25.0455265045166,120.0,11024.725627295673,1393.5726289795712
19,8,121.51351165771484,25.040000915527344,29.69151496887207,6390.69322656095,5782.831523042172
4,8,121.51084899902344,25.045455932617188,128.0,11107.354743927717,1978.1829111212865
5,8,121.5097427368164,25.045955657958984,29.48358154296875,11332.567264322191,858.6141641158611
21,8,121.5136947631836,25.04027557373047,29.458768844604492,6704.263619244099,5874.854563973844
6,8,121.50993347167969,25.0459041595459,29.4838924407959,11327.765850823373,1042.595640482381
7,8,121.51011657714844,25.045856475830078,29.48432731628418,11324.879218500108,1218.7598114199936
23,8,121.51378631591797,25.040557861328125,29.45315170288086,7003.36085049808,5883.0274697477
8,8,121.51029968261719,25.045806884765625,29.484769821166992,11320.120059400797,1395.4218588517979
9,8,121.51083374023438,25.04647445678711,29.486501693725586,12103.623497128487,1698.6737505113706
10,8,121.51077270507812,25.046342849731445,29.487070083618164,11959.776970621198,1678.4548102216795
11,8,121.5107421875,25.04621696472168,29.48644256591797,11828.869113951921,1684.028450107202
12,8,121.51070404052734,25.046072006225586,29.48579216003418,11677.405717145652,1687.7593026561663
13,8,121.51107788085938,25.04642105102539,29.486553192138672,12109.761463493109,1930.9039703663439
14,8,121.51123809814453,25.046384811401367,29.487123489379883,12112.61917469278,2083.6162249734625
15,8,121.51136016845703,25.046367645263672,29.487688064575195,12125.050791751593,2197.2419523634017
16,8,121.51148986816406,25.046340942382812,29.48822021484375,12129.950047314167,2320.178614708595
1,9,121.51033782958984,25.046144485473633,100.0,11660.708660494536,1341.4054789021611
17,9,121.5136947631836,25.04018783569336,29.456829071044922,6618.127387586981,5897.756883383729
2,9,121.510986328125,25.04594612121582,110.0,11621.539027944207,1973.016591977328
18,9,121.51351165771484,25.04018783569336,29.681493759155273,6574.200850531459,5734.039625168778
3,9,121.51021575927734,25.0455265045166,120.0,11024.725627295673,1393.5726289795712
19,9,121.51351165771484,25.040000915527344,29.69151496887207,6390.69322656095,5782.831523042172
4,9,121.51084899902344,25.045455932617188,128.0,11107.354743927717,1978.1829111212865
5,9,121.5097427368164,25.045955657958984,29.48358154296875,11332.567264322191,858.6141641158611
21,9,121.5136947631836,25.04027557373047,29.458768844604492,6704.263619244099,5874.854563973844
6,9,121.50993347167969,25.0459041595459,29.4838924407959,11327.765850823373,1042.595640482381
7,9,121.51011657714844,25.045856475830078,29.48432731628418,11324.879218500108,1218.7598114199936
23,9,121.51378631591797,25.040557861328125,29.45315170288086,7003.36085049808,5883.0274697477
8,9,121.51029968261719,25.045806884765625,29.484769821166992,11320.120059400797,1395.4218588517979
9,9,121.51083374023438,25.04647445678711,29.486501693725586,12103.623497128487,1698.6737505113706
10,9,121.51077270507812,25.046342849731445,29.487070083618164,11959.776970621198,1678.4548102216795
11,9,121.5107421875,25.04621696472168,29.48644256591797,11828.869113951921,1684.028450107202
12,9,121.51070404052734,25.046072006225586,29.48579216003418,11677.405717145652,1687.7593026561663
13,9,121.51107788085938,25.04642105102539,29.486553192138672,12109.761463493109,1930.9039703663439
14,9,121.51123809814453,25.046384811401367,29.487123489379883,12112.61917469278,2083.6162249734625
15,9,121.51136016845703,25.046367645263672,29.487688064575195,12125.050791751593,2197.2419523634017
16,9,121.51148986816406,25.046340942382812,29.48822021484375,12129.950047314167,2320.178614708595
1,10,121.51033782958984,25.046144485473633,100.0,11660.708660494536,1341.4054789021611
17,10,121.5136947631836,25.04018783569336,29.456829071044922,6618.127387586981,5897.756883383729
2,10,121.510986328125,25.04594612121582,110.0,11621.539027944207,1973.016591977328
18,10,121.51351165771484,25.04018783569336,29.681493759155273,6574.200850531459,5734.039625168778
3,10,121.51021575927734,25.0455265045166,120.0,11024.725627295673,1393.5726289795712
19,10,121.51351165771484,25.040000915527344,29.69151496887207,6390.69322656095,5782.831523042172
4,10,121.51084899902344,25.045455932617188,128.0,11107.354743927717,1978.1829111212865
5,10,121.5097427368164,25.045955657958984,29.48358154296875,11332.567264322191,858.6141641158611
21,10,121.5136947631836,25.04027557373047,29.458768844604492,6704.263619244099,5874.854563973844
6,10,121.50993347167969,25.0459041595459,29.4838924407959,11327.765850823373,1042.595640482381
7,10,121.51011657714844,25.045856475830078,29.48432731628418,11324.879218500108,1218.7598114199936
23,10,121.51378631591797,25.040557861328125,29.45315170288086,7003.36085049808,5883.0274697477
8,10,121.51029968261719,25.045806884765625,29.484769821166992,11320.120059400797,1395.4218588517979
9,10,121.51083374023438,25.04647445678711,29.486501693725586,12103.623497128487,1698.6737505113706
10,10,121.51077270507812,25.046342849731445,29.487070083618164,11959.776970621198,1678.4548102216795
11,10,121.5107421875,25.04621696472168,29.48644256591797,11828.869113951921,1684.028450107202
12,10,121.51070404052734,25.046072006225586,29.48579216003418,11677.405717145652,1687.7593026561663
13,10,121.51107788085938,25.04642105102539,29.486553192138672,12109.761463493109,1930.9039703663439
14,10,121.51123809814453,25.046384811401367,29.487123489379883,12112.61917469278,2083.6162249734625
15,10,121.51136016845703,25.046367645263672,29.487688064575195,12125.050791751593,2197.2419523634017
16,10,121.51148986816406,25.046340942382812,29.48822021484375,12129.950047314167,2320.178614708595
1,11,121.51033782958984,25.046144485473633,100.0,11660.708660494536,1341.4054789021611
17,11,121.5136947631836,25.04018783569336,29.456829071044922,6618.127387586981,5897.756883383729
2,11,121.510986328125,25.04594612121582,110.0,11621.539027944207,1973.016591977328
18,11,121.51351165771484,25.04018783569336,29.681493759155273,6574.200850531459,5734.039625168778
3,11,121.51021575927734,25.0455265045166,120.0,11024.725627295673,1393.5726289795712
19,11,121.51351165771484,25.040000915527344,29.69151496887207,6390.69322656095,5782.831523042172
4,11,121.51084899902344,25.045455932617188,128.0,11107.354743927717,1978.1829111212865
5,11,121.5097427368164,25.045955657958984,29.48358154296875,11332.567264322191,858.6141641158611
21,11,121.5136947631836,25.04027557373047,29.458768844604492,6704.263619244099,5874.854563973844
6,11,121.50993347167969,25.0459041595459,29.4838924407959,11327.765850823373,1042.595640482381
7,11,121.51011657714844,25.045856475830078,29.48432731628418,11324.879218500108,1218.7598114199936
23,11,121.51378631591797,25.040557861328125,29.45315170288086,7003.36085049808,5883.0274697477
8,11,121.51029968261719,25.045806884765625,29.484769821166992,11320.120059400797,1395.4218588517979
9,11,121.51083374023438,25.04647445678711,29.486501693725586,12103.623497128487,1698.6737505113706
10,11,121.51077270507812,25.046342849731445,29.487070083618164,11959.776970621198,1678.4548102216795
11,11,121.5107421875,25.04621696472168,29.48644256591797,11828.869113951921,1684.028450107202
12,11,121.51070404052734,25.046072006225586,29.48579216003418,11677.405717145652,1687.7593026561663
13,11,121.51107788085938,25.04642105102539,29.486553192138672,12109.761463493109,1930.9039703663439
14,11,121.51123809814453,25.046384811401367,29.487123489379883,12112.61917469278,2083.6162249734625
15,11,121.51136016845703,25.046367645263672,29.487688064575195,12125.050791751593,2197.2419523634017
16,11,121.51148986816406,25.046340942382812,29.48822021484375,12129.950047314167,2320.178614708595
1,12,121.51033782958984,25.046144485473633,100.0,11660.708660494536,1341.4054789021611
17,12,121.5136947631836,25.04018783569336,29.456829071044922,6618.127387586981,5897.756883383729
2,12,121.510986328125,25.04594612121582,110.0,11621.539027944207,1973.016591977328
18,12,121.51351165771484,25.04018783569336,29.681493759155273,6574.200850531459,5734.039625168778
3,12,121.51021575927734,25.0455265045166,120.0,11024.725627295673,1393.5726289795712
19,12,121.51351165771484,25.040000915527344,29.69151496887207,6390.69322656095,5782.831523042172
4,12,121.51084899902344,25.045455932617188,128.0,11107.354743927717,1978.1829111212865
5,12,121.5097427368164,25.045955657958984,29.48358154296875,11332.567264322191,858.6141641158611
21,12,121.5136947631836,25.04027557373047,29.458768844604492,6704.263619244099,5874.854563973844
6,12,121.50993347167969,25.0459041595459,29.4838924407959,11327.765850823373,1042.595640482381
7,12,121.51011657714844,25.045856475830078,29.48432731628418,11324.879218500108,1218.7598114199936
23,12,121.51378631591797,25.040557861328125,29.45315170288086,7003.36085049808,5883.0274697477
8,12,121.51029968261719,25.045806884765625,29.484769821166992,11320.120059400797,1395.4218588517979
9,12,121.51083374023438,25.04647445678711,29.486501693725586,12103.623497128487,1698.6737505113706
10,12,121.51077270507812,25.046342849731445,29.487070083618164,11959.776970621198,1678.4548102216795
11,12,121.5107421875,25.04621696472168,29.48644256591797,11828.869113951921,1684.028450107202
12,12,121.51070404052734,25.046072006225586,29.48579216003418,11677.405717145652,1687.7593026561663
13,12,121.51107788085938,25.04642105102539,29.486553192138672,12109.761463493109,1930.9039703663439
14,12,121.51123809814453,25.046384811401367,29.487123489379883,12112.61917469278,2083.6162249734625
15,12,121.51136016845703,25.046367645263672,29.487688064575195,12125.050791751593,2197.2419523634017
16,12,121.51148986816406,25.046340942382812,29.48822021484375,12129.950047314167,2320.178614708595
1,13,121.51033782958984,25.046144485473633,100.0,11660.708660494536,1341.4054789021611
17,13,121.5136947631836,25.04018783569336,29.456829071044922,6618.127387586981,5897.756883383729
2,13,121.510986328125,25.04594612121582,110.0,11621.539027944207,1973.016591977328
18,13,121.51351165771484,25.04018783569336,29.681493759155273,6574.200850531459,5734.039625168778
3,13,121.51021575927734,25.0455265045166,120.0,11024.725627295673,1393.5726289795712
19,13,121.51351165771484,25.040000915527344,29.69151496887207,6390.69322656095,5782.831523042172
4,13,121.51084899902344,25.045455932617188,128.0,11107.354743927717,1978.1829111212865
5,13,121.5097427368164,25.045955657958984,29.48358154296875,11332.567264322191,858.6141641158611
21,13,121.5136947631836,25.04027557373047,29.458768844604492,6704.263619244099,5874.854563973844
6,13,121.50993347167969,25.0459041595459,29.4838924407959,11327.765850823373,1042.595640482381
7,13,121.51011657714844,25.045856475830078,29.48432731628418,11324.879218500108,1218.7598114199936
23,13,121.51378631591797,25.040557861328125,29.45315170288086,7003.36085049808,5883.0274697477
8,13,121.51029968261719,25.045806884765625,29.484769821166992,11320.120059400797,1395.4218588517979
9,13,121.51083374023438,25.04647445678711,29.486501693725586,12103.623497128487,1698.6737505113706
10,13,121.51077270507812,25.046342849731445,29.487070083618164,11959.776970621198,1678.4548102216795
11,13,121.5107421875,25.04621696472168,29.48644256591797,11828.869113951921,1684.028450107202
12,13,121.51070404052734,25.046072006225586,29.48579216003418,11677.405717145652,1687.7593026561663
13,13,121.51107788085938,25.04642105102539,29.486553192138672,12109.761463493109,1930.9039703663439
14,13,121.51123809814453,25.046384811401367,29.487123489379883,12112.61917469278,2083.6162249734625
15,13,121.51136016845703,25.046367645263672,29.487688064575195,12125.050791751593,2197.2419523634017
16,13,121.51148986816406,25.046340942382812,29.48822021484375,12129.950047314167,2320.178614708595
1,14,121.51033782958984,25.046144485473633,100.0,11660.708660494536,1341.4054789021611
17,14,121.5136947631836,25.04018783569336,29.456829071044922,6618.127387586981,5897.756883383729
2,14,121.510986328125,25.04594612121582,110.0,11621.539027944207,1973.016591977328
18,14,121.51351165771484,25.04018783569336,29.681493759155273,6574.200850531459,5734.039625168778
3,14,121.51021575927734,25.0455265045166,120.0,11024.725627295673,1393.5726289795712
19,14,121.51351165771484,25.040000915527344,29.69151496887207,6390.69322656095,5782.831523042172
4,14,121.51084899902344,25.045455932617188,128.0,11107.354743927717,1978.1829111212865
5,14,121.5097427368164,25.045955657958984,29.48358154296875,11332.567264322191,858.6141641158611
21,14,121.5136947631836,25.04027557373047,29.458768844604492,6704.263619244099,5874.854563973844
6,14,121.50993347167969,25.0459041595459,29.4838924407959,11327.765850823373,1042.595640482381
7,14,121.51011657714844,25.045856475830078,29.48432731628418,11324.879218500108,1218.7598114199936
23,14,121.51378631591797,25.040557861328125,29.45315170288086,7003.36085049808,5883.0274697477
8,14,121.51029968261719,25.045806884765625,29.484769821166992,11320.120059400797,1395.4218588517979
9,14,121.51083374023438,25.04647445678711,29.486501693725586,12103.623497128487,1698.6737505113706
10,14,121.51077270507812,25.046342849731445,29.487070083618164,11959.776970621198,1678.4548102216795
11,14,121.5107421875,25.04621696472168,29.48644256591797,11828.869113951921,1684.028450107202
12,14,121.51070404052734,25.046072006225586,29.48579216003418,11677.405717145652,1687.7593026561663
13,14,121.51107788085938,25.04642105102539,29.486553192138672,12109.761463493109,1930.9039703663439
14,14,121.51123809814453,25.046384811401367,29.487123489379883,12112.61917469278,2083.6162249734625
15,14,121.51136016845703,25.046367645263672,29.487688064575195,12125.050791751593,2197.2419523634017
16,14,121.51148986816406,25.046340942382812,29.48822021484375,12129.950047314167,2320.178614708595
1,15,121.51033782958984,25.046144485473633,100.0,11660.708660494536,1341.4054789021611
17,15,121.5136947631836,25.04018783569336,29.456829071044922,6618.127387586981,5897.756883383729
2,15,121.510986328125,25.04594612121582,110.0,11621.539027944207,1973.016591977328
18,15,121.51351165771484,25.04018783569336,29.681493759155273,6574.200850531459,5734.039625168778
3,15,121.51021575927734,25.0455265045166,120.0,11024.725627295673,1393.5726289795712
19,15,121.51351165771484,25.040000915527344,29.69151496887207,6390.69322656095,5782.831523042172
4,15,121.51084899902344,25.045455932617188,128.0,11107.354743927717,1978.1829111212865
5,15,121.5097427368164,25.045955657958984,29.48358154296875,11332.567264322191,858.6141641158611
21,15,121.5136947631836,25.04027557373047,29.458768844604492,6704.263619244099,5874.854563973844
6,15,121.50993347167969,25.0459041595459,29.4838924407959,11327.765850823373,1042.595640482381
7,15,121.51011657714844,25.045856475830078,29.48432731628418,11324.879218500108,1218.7598114199936
23,15,121.51378631591797,25.040557861328125,29.45315170288086,7003.36085049808,5883.0274697477
8,15,121.51029968261719,25.045806884765625,29.484769821166992,11320.120059400797,1395.4218588517979
9,15,121.51083374023438,25.04647445678711,29.486501693725586,12103.623497128487,1698.6737505113706
10,15,121.51077270507812,25.046342849731445,29.487070083618164,11959.776970621198,1678.4548102216795
11,15,121.5107421875,25.04621696472168,29.48644256591797,11828.869113951921,1684.028450107202
12,15,121.51070404052734,25.046072006225586,29.48579216003418,11677.405717145652,1687.7593026561663
13,15,121.51107788085938,25.04642105102539,29.486553192138672,12109.761463493109,1930.9039703663439
14,15,121.51123809814453,25.046384811401367,29.487123489379883,12112.61917469278,2083.6162249734625
15,15,121.51136016845703,25.046367645263672,29.487688064575195,12125.050791751593,2197.2419523634017
16,15,121.51148986816406,25.046340942382812,29.48822021484375,12129.950047314167,2320.178614708595
1,16,121.51033782958984,25.046144485473633,100.0,11660.708660494536,1341.4054789021611
17,16,121.5136947631836,25.04018783569336,29.456829071044922,6618.127387586981,5897.756883383729
2,16,121.510986328125,25.04594612121582,110.0,11621.539027944207,1973.016591977328
18,16,121.51351165771484,25.04018783569336,29.681493759155273,6574.200850531459,5734.039625168778
3,16,121.51021575927734,25.0455265045166,120.0,11024.725627295673,1393.5726289795712
19,16,121.51351165771484,25.040000915527344,29.69151496887207,6390.69322656095,5782.831523042172
4,16,121.51084899902344,25.045455932617188,128.0,11107.354743927717,1978.1829111212865
5,16,121.5097427368164,25.045955657958984,29.48358154296875,11332.567264322191,858.6141641158611
21,16,121.5136947631836,25.04027557373047,29.458768844604492,6704.263619244099,5874.854563973844
6,16,121.50993347167969,25.0459041595459,29.4838924407959,11327.765850823373,1042.595640482381
7,16,121.51011657714844,25.045856475830078,29.48432731628418,11324.879218500108,1218.7598114199936
23,16,121.51378631591797,25.040557861328125,29.45315170288086,7003.36085049808,5883.0274697477
8,16,121.51029968261719,25.045806884765625,29.484769821166992,11320.120059400797,1395.4218588517979
9,16,121.51083374023438,25.04647445678711,29.486501693725586,12103.623497128487,1698.6737505113706
10,16,121.51077270507812,25.046342849731445,29.487070083618164,11959.776970621198,1678.4548102216795
11,16,121.5107421875,25.04621696472168,29.48644256591797,11828.869113951921,1684.028450107202
12,16,121.51070404052734,25.046072006225586,29.48579216003418,11677.405717145652,1687.7593026561663
13,16,121.51107788085938,25.04642105102539,29.486553192138672,12109.761463493109,1930.9039703663439
14,16,121.51123809814453,25.046384811401367,29.487123489379883,12112.61917469278,2083.6162249734625
15,16,121.51136016845703,25.046367645263672,29.487688064575195,12125.050791751593,2197.2419523634017
16,16,121.51148986816406,25.046340942382812,29.48822021484375,12129.950047314167,2320.178614708595
1,17,121.51033782958984,25.046144485473633,100.0,11660.708660494536,1341.4054789021611
17,17,121.5136947631836,25.04018783569336,29.456829071044922,6618.127387586981,5897.756883383729
2,17,121.510986328125,25.04594612121582,110.0,11621.539027944207,1973.016591977328
18,17,121.51351165771484,25.04018783569336,29.681493759155273,6574.200850531459,5734.039625168778
3,17,121.51021575927734,25.0455265045166,120.0,11024.725627295673,1393.5726289795712
19,17,121.51351165771484,25.040000915527344,29.69151496887207,6390.69322656095,5782.831523042172
4,17,121.51084899902344,25.045455932617188,128.0,11107.354743927717,1978.1829111212865
5,17,121.5097427368164,25.045955657958984,29.48358154296875,11332.567264322191,858.6141641158611
21,17,121.5136947631836,25.04027557373047,29.458768844604492,6704.263619244099,5874.854563973844
6,17,121.50993347167969,25.0459041595459,29.4838924407959,11327.765850823373,1042.595640482381
7,17,121.51011657714844,25.045856475830078,29.48432731628418,11324.879218500108,1218.7598114199936
23,17,121.51378631591797,25.040557861328125,29.45315170288086,7003.36085049808,5883.0274697477
8,17,121.51029968261719,25.045806884765625,29.484769821166992,11320.120059400797,1395.4218588517979
9,17,121.51083374023438,25.04647445678711,29.486501693725586,12103.623497128487,1698.6737505113706
10,17,121.51077270507812,25.046342849731445,29.487070083618164,11959.776970621198,1678.4548102216795
11,17,121.5107421875,25.04621696472168,29.48644256591797,11828.869113951921,1684.028450107202
12,17,121.51070404052734,25.046072006225586,29.48579216003418,11677.405717145652,1687.7593026561663
13,17,121.51107788085938,25.04642105102539,29.486553192138672,12109.761463493109,1930.9039703663439
14,17,121.51123809814453,25.046384811401367,29.487123489379883,12112.61917469278,2083.6162249734625
15,17,121.51136016845703,25.046367645263672,29.487688064575195,12125.050791751593,2197.2419523634017
16,17,121.51148986816406,25.046340942382812,29.48822021484375,12129.950047314167,2320.178614708595
1,18,121.51033782958984,25.046144485473633,100.0,11660.708660494536,1341.4054789021611
17,18,121.5136947631836,25.04018783569336,29.456829071044922,6618.127387586981,5897.756883383729
2,18,121.510986328125,25.04594612121582,110.0,11621.539027944207,1973.016591977328
18,18,121.51351165771484,25.04018783569336,29.681493759155273,6574.200850531459,5734.039625168778
3,18,121.51021575927734,25.0455265045166,120.0,11024.725627295673,1393.5726289795712
19,18,121.51351165771484,25.040000915527344,29.69151496887207,6390.69322656095,5782.831523042172
4,18,121.51084899902344,25.045455932617188,128.0,11107.354743927717,1978.1829111212865
5,18,121.5097427368164,25.045955657958984,29.48358154296875,11332.567264322191,858.6141641158611
21,18,121.5136947631836,25.04027557373047,29.458768844604492,6704.263619244099,5874.854563973844
6,18,121.50993347167969,25.0459041595459,29.4838924407959,11327.765850823373,1042.595640482381
7,18,121.51011657714844,25.045856475830078,29.48432731628418,11324.879218500108,1218.7598114199936
23,18,121.51378631591797,25.040557861328125,29.45315170288086,7003.36085049808,5883.0274697477
8,18,121.51029968261719,25.045806884765625,29.484769821166992,11320.120059400797,1395.4218588517979
9,18,121.51083374023438,25.04647445678711,29.486501693725586,12103.623497128487,1698.6737505113706
10,18,121.51077270507812,25.046342849731445,29.487070083618164,11959.776970621198,1678.4548102216795
11,18,121.5107421875,25.04621696472168,29.48644256591797,11828.869113951921,1684.028450107202
12,18,121.51070404052734,25.046072006225586,29.48579216003418,11677.405717145652,1687.7593026561663
13,18,121.51107788085938,25.04642105102539,29.486553192138672,12109.761463493109,1930.9039703663439
14,18,121.51123809814453,25.046384811401367,29.487123489379883,12112.61917469278,2083.6162249734625
15,18,121.51136016845703,25.046367645263672,29.487688064575195,12125.050791751593,2197.2419523634017
16,18,121.51148986816406,25.046340942382812,29.48822021484375,12129.950047314167,2320.178614708595
1,19,121.51033782958984,25.046144485473633,100.0,11660.708660494536,1341.4054789021611
17,19,121.5136947631836,25.04018783569336,29.456829071044922,6618.127387586981,5897.756883383729
2,19,121.510986328125,25.04594612121582,110.0,11621.539027944207,1973.016591977328
18,19,121.51351165771484,25.04018783569336,29.681493759155273,6574.200850531459,5734.039625168778
3,19,121.51021575927734,25.0455265045166,120.0,11024.725627295673,1393.5726289795712
19,19,121.51351165771484,25.040000915527344,29.69151496887207,6390.69322656095,5782.831523042172
4,19,121.51084899902344,25.045455932617188,128.0,11107.354743927717,1978.1829111212865
5,19,121.5097427368164,25.045955657958984,29.48358154296875,11332.567264322191,858.6141641158611
21,19,121.5136947631836,25.04027557373047,29.458768844604492,6704.263619244099,5874.854563973844
6,19,121.50993347167969,25.0459041595459,29.4838924407959,11327.765850823373,1042.595640482381
7,19,121.51011657714844,25.045856475830078,29.48432731628418,11324.879218500108,1218.7598114199936
23,19,121.51378631591797,25.040557861328125,29.45315170288086,7003.36085049808,5883.0274697477
8,19,121.51029968261719,25.045806884765625,29.484769821166992,11320.120059400797,1395.4218588517979
9,19,121.51083374023438,25.04647445678711,29.486501693725586,12103.623497128487,1698.6737505113706
10,19,121.51077270507812,25.046342849731445,29.487070083618164,11959.776970621198,1678.4548102216795
11,19,121.5107421875,25.04621696472168,29.48644256591797,11828.869113951921,1684.028450107202
12,19,121.51070404052734,25.046072006225586,29.48579216003418,11677.405717145652,1687.7593026561663
13,19,121.51107788085938,25.04642105102539,29.486553192138672,12109.761463493109,1930.9039703663439
14,19,121.51123809814453,25.046384811401367,29.487123489379883,12112.61917469278,2083.6162249734625
15,19,121.51136016845703,25.046367645263672,29.487688064575195,12125.050791751593,2197.2419523634017
16,19,121.51148986816406,25.046340942382812,29.48822021484375,12129.950047314167,2320.178614708595
